,Character ID,spells
0,4,[]
1,7,[]
2,4,[]
3,7,[]
4,4,[]
5,7,[]
6,4,[]
7,5,[]
8,4,[]
9,5,[]
10,7,[]
11,4,[]
12,7,[]
13,4,[]
14,4,[]
15,4,[]
16,32,[]
17,31,[]
18,32,[]
19,21,[]
20,32,[]
21,1,[]
22,32,[]
23,21,[]
24,1,[]
25,32,[]
26,31,[]
27,21,[]
28,31,[]
29,21,[]
30,31,[]
31,32,[]
32,32,[]
33,21,[]
34,31,[]
35,21,[]
36,31,[]
37,1,[]
38,31,[]
39,1,[]
40,31,[]
41,31,[]
42,161,[]
43,1,[]
44,139,[]
45,31,[]
46,32,[]
47,31,[]
48,32,[]
49,32,[]
50,1,[]
51,21,[]
52,1,[]
53,21,[]
54,32,[]
55,21,[]
56,1,[]
57,32,[]
58,21,[]
59,32,[]
60,1,[]
61,32,[]
62,21,[]
63,31,[]
64,1,[]
65,21,[]
66,21,[]
67,32,[]
68,21,[]
69,21,[]
70,1,[]
71,21,[]
72,31,[]
73,21,[]
74,31,[]
75,21,[]
76,1,[]
77,21,[]
78,1,[]
79,21,[]
80,31,[]
81,1,[]
82,21,[]
83,5,[]
84,21,[]
85,5,[]
86,31,[]
87,1,[]
88,5,[]
89,1,[]
90,5,[]
91,1,[]
92,5,[]
93,1,[]
94,5,[]
95,1,[]
96,5,[]
97,1,[]
98,5,[]
99,1,[]
100,5,[]
101,1,[]
102,21,[]
103,1,[]
104,32,[]
105,1,[]
106,5,[]
107,32,[]
108,5,[]
109,21,[]
110,5,[]
111,1,[]
112,5,[]
113,21,[]
114,5,[]
115,31,[]
116,5,[]
117,1,[]
118,5,[]
119,1,[]
120,5,[]
121,1,[]
122,5,[]
123,1,[]
124,5,[]
125,1,[]
126,5,[]
127,92,[]
128,5,[]
129,92,[]
130,139,[]
131,132,[]
132,41,[]
133,5,[]
134,1,[]
135,41,[]
136,5,[]
137,1,[]
138,5,[]
139,1,[]
140,5,[]
141,138,[]
142,1,[]
143,5,[]
144,1,[]
145,5,[]
146,130,[]
147,5,[]
148,130,[]
149,30,[]
150,5,[]
151,30,[]
152,1,[]
153,5,[]
154,30,[]
155,5,[]
156,1,[]
157,5,[]
158,1,[]
159,43,[]
160,1,[]
161,43,[]
162,1,[]
163,43,[]
164,5,[]
165,1,[]
166,5,[]
167,1,[]
168,5,[]
169,1,[]
170,5,[]
171,1,[]
172,5,[]
173,5,[]
174,1,[]
175,5,[]
176,1,[]
177,5,[]
178,5,[]
179,1,[]
180,139,[]
181,1,[]
182,149,[]
183,1,[]
184,149,[]
185,26,[]
186,1,[]
187,26,[]
188,26,[]
189,19,[]
190,14,[]
191,26,[]
192,14,[]
193,1,[]
194,26,[]
195,20,[]
196,2,[]
197,1,[]
198,2,[]
199,1,[]
200,2,[]
201,1,[]
202,2,[]
203,1,[]
204,2,[]
205,140,[]
206,2,[]
207,1,[]
208,2,[]
209,1,[]
210,2,[]
211,1,[]
212,2,[]
213,1,[]
214,2,[]
215,1,[]
216,2,[]
217,1,[]
218,2,[]
219,1,[]
220,2,[]
221,3,[]
222,2,[]
223,3,[]
224,2,[]
225,3,['Oculus Reparo']
226,2,[]
227,3,[]
228,5,[]
229,5,[]
230,1,[]
231,2,[]
232,5,[]
233,2,[]
234,7,[]
235,10,[]
236,7,[]
237,12,[]
238,1,[]
239,7,[]
240,3,[]
241,7,[]
242,4,[]
243,7,[]
244,3,[]
245,2,[]
246,128,[]
247,7,[]
248,128,[]
249,2,[]
250,7,[]
251,1,[]
252,2,[]
253,1,[]
254,128,[]
255,7,[]
256,128,[]
257,7,[]
258,128,[]
259,1,[]
260,128,[]
261,1,[]
262,128,[]
263,14,[]
264,19,[]
265,7,[]
266,4,[]
267,1,[]
268,29,[]
269,1,[]
270,37,[]
271,1,[]
272,37,[]
273,2,[]
274,47,[]
275,117,[]
276,134,[]
277,37,[]
278,47,[]
279,2,[]
280,47,[]
281,3,[]
282,47,[]
283,2,[]
284,37,[]
285,138,[]
286,37,[]
287,37,[]
288,10,[]
289,2,[]
290,1,[]
291,134,[]
292,150,[]
293,134,[]
294,141,[]
295,37,[]
296,134,[]
297,37,[]
298,2,[]
299,2,[]
300,7,[]
301,1,[]
302,7,[]
303,6,[]
304,1,[]
305,6,[]
306,1,[]
307,6,[]
308,1,[]
309,6,[]
310,29,[]
311,1,[]
312,2,[]
313,2,[]
314,1,[]
315,29,[]
316,3,[]
317,10,[]
318,1,[]
319,50,[]
320,154,[]
321,50,[]
322,154,[]
323,1,[]
324,12,[]
325,50,[]
326,3,[]
327,2,[]
328,50,[]
329,10,[]
330,50,[]
331,134,[]
332,127,[]
333,138,[]
334,50,[]
335,10,[]
336,50,[]
337,10,[]
338,1,[]
339,10,[]
340,50,[]
341,10,[]
342,10,[]
343,50,[]
344,10,[]
345,50,[]
346,134,[]
347,10,[]
348,50,[]
349,12,[]
350,1,[]
351,12,[]
352,3,[]
353,1,[]
354,12,[]
355,138,[]
356,163,[]
357,7,[]
358,41,[]
359,7,[]
360,41,[]
361,7,[]
362,41,[]
363,7,[]
364,47,[]
365,2,[]
366,1,[]
367,14,[]
368,2,[]
369,19,[]
370,14,[]
371,19,[]
372,2,[]
373,1,[]
374,3,[]
375,2,[]
376,1,[]
377,2,[]
378,1,[]
379,2,[]
380,1,[]
381,3,[]
382,1,[]
383,2,[]
384,1,[]
385,3,[]
386,1,[]
387,2,[]
388,1,[]
389,1,[]
390,1,[]
391,2,[]
392,3,[]
393,2,[]
394,3,[]
395,35,[]
396,3,[]
397,2,[]
398,3,[]
399,1,[]
400,136,[]
401,2,[]
402,3,[]
403,2,[]
404,3,[]
405,1,[]
406,3,[]
407,2,[]
408,46,[]
409,1,[]
410,46,[]
411,1,[]
412,46,[]
413,1,[]
414,46,[]
415,1,[]
416,46,[]
417,1,[]
418,59,[]
419,136,[]
420,59,['Wingardium Leviosa']
421,12,[]
422,2,[]
423,3,[]
424,2,[]
425,3,['Wingardium Leviosa']
426,59,[]
427,29,[]
428,59,[]
429,59,[]
430,1,[]
431,2,[]
432,1,[]
433,1,[]
434,10,[]
435,41,[]
436,4,[]
437,134,[]
438,138,[]
439,37,[]
440,1,[]
441,2,[]
442,1,[]
443,2,[]
444,1,[]
445,1,[]
446,3,[]
447,2,[]
448,3,[]
449,1,[]
450,2,[]
451,1,[]
452,1,[]
453,2,[]
454,1,[]
455,3,[]
456,2,['Wingardium Leviosa']
457,3,[]
458,1,[]
459,7,[]
460,2,[]
461,1,[]
462,3,[]
463,7,[]
464,3,[]
465,7,[]
466,41,[]
467,1,[]
468,2,[]
469,1,[]
470,2,[]
471,2,[]
472,3,[]
473,1,[]
474,6,[]
475,1,[]
476,3,[]
477,1,[]
478,3,[]
479,1,[]
480,3,[]
481,1,[]
482,3,[]
483,1,[]
484,2,[]
485,1,[]
486,2,[]
487,1,[]
488,46,[]
489,1,[]
490,46,[]
491,1,[]
492,46,[]
493,52,[]
494,10,[]
495,52,[]
496,50,[]
497,52,[]
498,52,[]
499,52,[]
500,1,[]
501,5,[]
502,52,[]
503,2,[]
504,29,[]
505,1,[]
506,52,[]
507,165,[]
508,82,[]
509,82,[]
510,1,[]
511,5,[]
512,3,[]
513,2,[]
514,3,[]
515,2,[]
516,3,[]
517,139,[]
518,6,[]
519,2,[]
520,5,[]
521,5,[]
522,52,[]
523,50,[]
524,12,[]
525,5,[]
526,3,[]
527,164,[]
528,5,[]
529,1,[]
530,5,[]
531,2,[]
532,3,[]
533,5,[]
534,1,[]
535,5,[]
536,1,[]
537,5,[]
538,3,[]
539,1,[]
540,5,[]
541,1,[]
542,5,[]
543,1,[]
544,3,[]
545,158,[]
546,1,[]
547,2,[]
548,3,[]
549,2,[]
550,3,[]
551,2,[]
552,3,[]
553,2,[]
554,3,[]
555,2,[]
556,2,[]
557,2,[]
558,1,[]
559,2,[]
560,1,[]
561,2,[]
562,2,[]
563,1,[]
564,2,[]
565,1,[]
566,2,[]
567,2,[]
568,1,[]
569,2,[]
570,1,[]
571,2,[]
572,1,[]
573,1,[]
574,35,[]
575,41,[]
576,6,[]
577,41,[]
578,6,[]
579,35,[]
580,1,[]
581,1,[]
582,2,[]
583,1,[]
584,1,[]
585,2,[]
586,1,[]
587,2,[]
588,1,[]
589,19,[]
590,2,[]
591,1,[]
592,2,[]
593,1,[]
594,2,[]
595,4,[]
596,1,[]
597,4,[]
598,1,[]
599,3,[]
600,2,[]
601,3,[]
602,2,[]
603,3,[]
604,2,[]
605,3,[]
606,2,[]
607,2,[]
608,1,[]
609,2,[]
610,10,[]
611,29,[]
612,10,[]
613,29,[]
614,1,[]
615,2,[]
616,1,[]
617,2,[]
618,1,[]
619,3,[]
620,10,[]
621,3,[]
622,2,[]
623,3,[]
624,2,[]
625,1,[]
626,3,[]
627,2,[]
628,3,[]
629,2,[]
630,1,[]
631,3,[]
632,1,[]
633,5,[]
634,1,[]
635,3,[]
636,2,[]
637,5,[]
638,1,[]
639,5,[]
640,1,[]
641,5,[]
642,1,[]
643,5,[]
644,1,[]
645,3,[]
646,5,[]
647,1,[]
648,5,[]
649,2,[]
650,5,[]
651,3,[]
652,2,[]
653,5,[]
654,1,[]
655,5,[]
656,5,[]
657,1,[]
658,5,[]
659,1,[]
660,2,[]
661,1,[]
662,2,[]
663,7,[]
664,7,[]
665,1,[]
666,7,[]
667,12,[]
668,7,[]
669,35,[]
670,5,[]
671,3,[]
672,5,[]
673,35,[]
674,12,[]
675,35,[]
676,5,[]
677,1,[]
678,5,[]
679,2,[]
680,5,[]
681,12,[]
682,5,[]
683,12,[]
684,1,[]
685,12,[]
686,1,[]
687,12,[]
688,87,[]
689,1,[]
690,87,[]
691,1,[]
692,87,[]
693,1,[]
694,87,[]
695,1,[]
696,3,[]
697,5,[]
698,87,[]
699,3,[]
700,1,[]
701,2,[]
702,1,[]
703,2,[]
704,3,[]
705,3,[]
706,2,[]
707,1,[]
708,3,[]
709,1,[]
710,2,[]
711,1,[]
712,3,[]
713,1,[]
714,5,[]
715,1,[]
716,5,[]
717,1,[]
718,5,[]
719,5,[]
720,1,[]
721,7,[]
722,1,[]
723,7,[]
724,1,[]
725,7,[]
726,1,[]
727,3,[]
728,6,[]
729,3,[]
730,6,[]
731,3,[]
732,1,[]
733,1,[]
734,2,[]
735,10,[]
736,1,[]
737,10,[]
738,3,['Petrificus Totalus']
739,2,[]
740,1,[]
741,3,[]
742,2,[]
743,3,[]
744,2,[]
745,3,[]
746,2,[]
747,1,[]
748,2,[]
749,1,[]
750,2,[]
751,1,[]
752,3,[]
753,2,[]
754,1,[]
755,2,[]
756,1,[]
757,3,[]
758,2,[]
759,2,[]
760,1,[]
761,2,[]
762,3,[]
763,1,[]
764,3,[]
765,2,[]
766,2,[]
767,3,[]
768,1,[]
769,2,[]
770,3,[]
771,1,[]
772,2,[]
773,3,[]
774,1,[]
775,3,[]
776,2,[]
777,3,['Lumos Solem']
778,2,[]
779,1,[]
780,2,[]
781,1,[]
782,2,[]
783,1,[]
784,3,[]
785,1,[]
786,3,[]
787,1,[]
788,3,[]
789,1,[]
790,2,[]
791,3,[]
792,2,[]
793,1,[]
794,3,[]
795,1,[]
796,2,[]
797,2,[]
798,1,[]
799,2,[]
800,3,[]
801,1,[]
802,2,[]
803,1,[]
804,3,[]
805,2,[]
806,3,[]
807,2,[]
808,3,[]
809,2,[]
810,2,[]
811,1,[]
812,2,[]
813,1,[]
814,3,[]
815,1,[]
816,3,[]
817,2,[]
818,2,[]
819,2,[]
820,1,[]
821,3,[]
822,1,[]
823,3,[]
824,1,[]
825,41,[]
826,1,[]
827,41,[]
828,1,[]
829,41,[]
830,1,[]
831,41,[]
832,9,[]
833,41,[]
834,1,[]
835,9,[]
836,41,[]
837,9,[]
838,41,[]
839,9,[]
840,9,[]
841,1,[]
842,9,[]
843,9,[]
844,1,[]
845,9,[]
846,1,[]
847,9,[]
848,41,[]
849,9,[]
850,4,[]
851,1,[]
852,4,[]
853,1,[]
854,4,[]
855,1,[]
856,4,[]
857,1,[]
858,4,[]
859,1,[]
860,4,[]
861,1,[]
862,4,[]
863,1,[]
864,4,[]
865,1,[]
866,2,[]
867,1,[]
868,3,[]
869,4,[]
870,3,[]
871,4,[]
872,5,[]
873,29,[]
874,52,[]
875,5,[]
876,3,[]
877,1,[]
878,5,[]
879,1,[]
880,5,[]
881,1,[]
882,5,[]
883,3,[]
884,1,[]
885,1,[]
886,21,[]
887,1,[]
888,32,[]
889,21,[]
890,1,[]
891,21,[]
892,1,[]
893,31,[]
894,21,[]
895,32,[]
896,21,[]
897,32,[]
898,21,[]
899,31,[]
900,21,[]
901,1,[]
902,21,[]
903,21,[]
904,27,[]
905,1,[]
906,27,[]
907,1,[]
908,27,[]
909,1,[]
910,27,[]
911,1,[]
912,27,[]
913,1,[]
914,27,[]
915,1,[]
916,27,[]
917,1,[]
918,27,[]
919,1,[]
920,21,[]
921,27,[]
922,1,[]
923,27,[]
924,1,[]
925,27,[]
926,1,[]
927,27,[]
928,1,[]
929,27,[]
930,1,[]
931,27,[]
932,21,[]
933,1,[]
934,27,[]
935,1,[]
936,21,[]
937,1,[]
938,21,[]
939,1,[]
940,21,[]
941,1,[]
942,27,[]
943,1,[]
944,27,[]
945,1,[]
946,27,[]
947,1,[]
948,1,[]
949,27,[]
950,1,[]
951,27,[]
952,21,[]
953,21,[]
954,21,[]
955,1,[]
956,2,[]
957,2,[]
958,32,[]
959,21,[]
960,31,[]
961,19,[]
962,31,[]
963,2,[]
964,14,[]
965,2,[]
966,21,[]
967,1,[]
968,2,[]
969,21,[]
970,1,[]
971,21,[]
972,1,[]
973,2,[]
974,14,[]
975,19,[]
976,21,[]
977,32,[]
978,31,[]
979,31,[]
980,21,[]
981,14,[]
982,2,[]
983,19,[]
984,2,[]
985,1,[]
986,26,[]
987,2,[]
988,26,[]
989,20,[]
990,26,[]
991,1,[]
992,2,[]
993,16,[]
994,14,[]
995,19,[]
996,2,[]
997,26,[]
998,16,[]
999,1,[]
1000,2,[]
1001,16,[]
1002,1,[]
1003,16,[]
1004,26,[]
1005,16,[]
1006,14,[]
1007,19,[]
1008,2,[]
1009,1,[]
1010,26,[]
1011,16,[]
1012,1,[]
1013,26,[]
1014,37,[]
1015,2,[]
1016,37,[]
1017,16,[]
1018,26,[]
1019,14,[]
1020,26,[]
1021,26,[]
1022,2,[]
1023,1,[]
1024,26,[]
1025,2,[]
1026,26,[]
1027,1,[]
1028,26,[]
1029,16,[]
1030,26,[]
1031,126,[]
1032,132,[]
1033,1,[]
1034,126,[]
1035,1,[]
1036,5,[]
1037,1,[]
1038,5,[]
1039,5,[]
1040,1,[]
1041,5,[]
1042,3,[]
1043,5,[]
1044,3,[]
1045,1,[]
1046,3,[]
1047,1,[]
1048,5,[]
1049,3,[]
1050,1,[]
1051,3,[]
1052,126,[]
1053,26,[]
1054,126,[]
1055,26,[]
1056,2,[]
1057,152,[]
1058,28,[]
1059,152,[]
1060,28,[]
1061,26,[]
1062,12,[]
1063,20,[]
1064,12,[]
1065,23,[]
1066,1,[]
1067,23,[]
1068,3,[]
1069,23,[]
1070,16,[]
1071,23,[]
1072,16,[]
1073,23,[]
1074,16,[]
1075,23,[]
1076,12,[]
1077,16,[]
1078,26,[]
1079,16,[]
1080,26,[]
1081,16,[]
1082,26,[]
1083,1,[]
1084,1,[]
1085,2,[]
1086,162,[]
1087,1,[]
1088,2,[]
1089,1,[]
1090,2,[]
1091,1,[]
1092,2,[]
1093,1,[]
1094,2,[]
1095,2,[]
1096,1,[]
1097,2,[]
1098,1,[]
1099,2,[]
1100,1,[]
1101,2,[]
1102,1,[]
1103,1,[]
1104,2,[]
1105,1,[]
1106,2,[]
1107,1,[]
1108,1,[]
1109,2,[]
1110,2,[]
1111,1,[]
1112,2,[]
1113,1,[]
1114,2,[]
1115,1,[]
1116,2,[]
1117,1,[]
1118,2,[]
1119,1,[]
1120,155,[]
1121,1,[]
1122,2,[]
1123,2,[]
1124,1,[]
1125,2,[]
1126,1,[]
1127,1,[]
1128,2,[]
1129,2,[]
1130,1,[]
1131,35,[]
1132,6,[]
1133,2,[]
1134,6,[]
1135,4,[]
1136,1,[]
1137,6,[]
1138,4,[]
1139,2,[]
1140,7,[]
1141,2,[]
1142,7,[]
1143,79,[]
1144,136,[]
1145,79,[]
1146,3,[]
1147,79,[]
1148,136,[]
1149,79,[]
1150,10,[]
1151,79,[]
1152,29,[]
1153,79,[]
1154,126,[]
1155,47,[]
1156,37,[]
1157,2,[]
1158,1,[]
1159,106,[]
1160,1,[]
1161,75,[]
1162,127,[]
1163,2,[]
1164,29,[]
1165,10,[]
1166,159,[]
1167,28,[]
1168,29,[]
1169,28,[]
1170,29,[]
1171,28,[]
1172,142,[]
1173,10,[]
1174,10,[]
1175,3,[]
1176,1,[]
1177,28,[]
1178,142,[]
1179,142,[]
1180,142,[]
1181,28,[]
1182,2,[]
1183,3,[]
1184,10,[]
1185,46,[]
1186,82,[]
1187,46,[]
1188,82,[]
1189,2,[]
1190,46,[]
1191,1,[]
1192,12,[]
1193,2,[]
1194,82,[]
1195,12,[]
1196,3,[]
1197,12,[]
1198,2,[]
1199,127,[]
1200,12,[]
1201,3,[]
1202,126,[]
1203,106,[]
1204,1,[]
1205,1,[]
1206,127,[]
1207,12,[]
1208,5,[]
1209,1,[]
1210,5,[]
1211,1,[]
1212,3,[]
1213,5,[]
1214,1,[]
1215,3,[]
1216,5,[]
1217,1,[]
1218,2,[]
1219,5,[]
1220,28,[]
1221,1,[]
1222,28,[]
1223,86,[]
1224,1,[]
1225,28,[]
1226,1,[]
1227,28,[]
1228,1,[]
1229,28,[]
1230,1,[]
1231,86,[]
1232,3,[]
1233,1,[]
1234,2,[]
1235,1,[]
1236,3,[]
1237,1,[]
1238,86,[]
1239,1,[]
1240,2,[]
1241,3,[]
1242,1,[]
1243,2,[]
1244,3,[]
1245,1,[]
1246,127,[]
1247,85,[]
1248,12,[]
1249,35,[]
1250,1,[]
1251,35,[]
1252,4,[]
1253,126,[]
1254,4,[]
1255,28,[]
1256,4,[]
1257,35,[]
1258,1,[]
1259,35,[]
1260,6,[]
1261,28,[]
1262,3,[]
1263,6,[]
1264,1,[]
1265,4,[]
1266,35,[]
1267,4,[]
1268,3,[]
1269,1,[]
1270,3,[]
1271,1,[]
1272,2,[]
1273,3,[]
1274,150,[]
1275,7,[]
1276,2,[]
1277,127,[]
1278,7,[]
1279,3,[]
1280,7,[]
1281,2,[]
1282,7,[]
1283,3,[]
1284,7,[]
1285,3,[]
1286,7,[]
1287,2,[]
1288,3,[]
1289,1,[]
1290,3,[]
1291,2,[]
1292,3,[]
1293,2,[]
1294,3,[]
1295,1,[]
1296,2,[]
1297,3,[]
1298,3,[]
1299,2,[]
1300,3,[]
1301,2,[]
1302,3,[]
1303,1,[]
1304,3,[]
1305,1,[]
1306,3,[]
1307,127,[]
1308,52,[]
1309,82,[]
1310,12,[]
1311,46,[]
1312,1,[]
1313,5,[]
1314,2,[]
1315,3,[]
1316,12,[]
1317,12,[]
1318,3,[]
1319,52,[]
1320,3,[]
1321,1,[]
1322,3,[]
1323,1,[]
1324,28,[]
1325,1,[]
1326,28,[]
1327,127,[]
1328,28,[]
1329,126,[]
1330,28,[]
1331,5,[]
1332,127,[]
1333,28,[]
1334,12,[]
1335,85,[]
1336,3,[]
1337,85,[]
1338,1,[]
1339,85,[]
1340,1,[]
1341,86,[]
1342,27,[]
1343,1,[]
1344,27,[]
1345,1,[]
1346,27,[]
1347,1,[]
1348,27,[]
1349,1,[]
1350,27,[]
1351,1,[]
1352,27,[]
1353,1,[]
1354,27,[]
1355,1,[]
1356,27,[]
1357,1,[]
1358,27,[]
1359,1,[]
1360,27,[]
1361,1,[]
1362,85,[]
1363,4,[]
1364,7,[]
1365,7,[]
1366,4,[]
1367,7,[]
1368,4,[]
1369,3,[]
1370,2,[]
1371,3,[]
1372,2,[]
1373,3,[]
1374,2,[]
1375,3,[]
1376,2,[]
1377,3,[]
1378,2,[]
1379,39,[]
1380,3,[]
1381,28,[]
1382,6,[]
1383,28,[]
1384,3,[]
1385,2,[]
1386,28,[]
1387,6,[]
1388,28,[]
1389,6,[]
1390,28,[]
1391,1,[]
1392,28,[]
1393,12,[]
1394,1,[]
1395,28,[]
1396,12,[]
1397,3,[]
1398,80,[]
1399,1,[]
1400,28,[]
1401,12,[]
1402,6,[]
1403,28,[]
1404,1,[]
1405,6,[]
1406,109,[]
1407,2,[]
1408,1,[]
1409,3,[]
1410,1,[]
1411,3,[]
1412,1,[]
1413,2,[]
1414,1,[]
1415,2,[]
1416,1,[]
1417,3,[]
1418,2,[]
1419,1,[]
1420,3,[]
1421,1,[]
1422,86,[]
1423,35,[]
1424,1,[]
1425,7,[]
1426,1,[]
1427,7,[]
1428,7,[]
1429,1,[]
1430,128,[]
1431,1,[]
1432,128,[]
1433,1,[]
1434,128,[]
1435,4,[]
1436,1,[]
1437,4,[]
1438,4,[]
1439,5,[]
1440,4,[]
1441,5,[]
1442,4,[]
1443,5,[]
1444,4,[]
1445,1,[]
1446,4,[]
1447,1,[]
1448,4,[]
1449,3,[]
1450,1,[]
1451,3,[]
1452,2,[]
1453,3,[]
1454,2,[]
1455,3,[]
1456,2,[]
1457,1,[]
1458,2,[]
1459,1,[]
1460,80,[]
1461,80,[]
1462,99,[]
1463,2,[]
1464,1,[]
1465,3,[]
1466,2,[]
1467,3,[]
1468,2,[]
1469,3,[]
1470,1,[]
1471,2,[]
1472,1,[]
1473,2,[]
1474,1,[]
1475,2,[]
1476,1,[]
1477,2,[]
1478,3,[]
1479,1,[]
1480,3,[]
1481,1,[]
1482,1,[]
1483,2,[]
1484,37,[]
1485,2,[]
1486,37,[]
1487,2,[]
1488,1,[]
1489,12,[]
1490,1,[]
1491,12,[]
1492,1,[]
1493,12,[]
1494,37,[]
1495,12,[]
1496,2,[]
1497,12,[]
1498,1,[]
1499,12,[]
1500,1,[]
1501,12,[]
1502,1,[]
1503,12,[]
1504,1,[]
1505,2,[]
1506,1,[]
1507,12,[]
1508,2,[]
1509,1,[]
1510,3,[]
1511,39,[]
1512,1,[]
1513,39,[]
1514,3,[]
1515,39,[]
1516,2,[]
1517,39,[]
1518,2,[]
1519,1,[]
1520,2,[]
1521,1,[]
1522,39,[]
1523,1,[]
1524,39,[]
1525,2,[]
1526,39,[]
1527,1,[]
1528,39,[]
1529,1,[]
1530,1,[]
1531,144,[]
1532,1,[]
1533,144,[]
1534,1,[]
1535,144,[]
1536,1,[]
1537,4,[]
1538,24,[]
1539,1,[]
1540,4,[]
1541,24,[]
1542,4,[]
1543,24,[]
1544,4,[]
1545,24,[]
1546,4,[]
1547,24,[]
1548,4,[]
1549,24,[]
1550,5,[]
1551,24,[]
1552,5,[]
1553,24,[]
1554,5,[]
1555,24,[]
1556,5,[]
1557,24,[]
1558,5,[]
1559,24,[]
1560,5,[]
1561,24,[]
1562,1,[]
1563,1,[]
1564,1,[]
1565,3,[]
1566,2,[]
1567,1,[]
1568,3,[]
1569,2,[]
1570,5,[]
1571,1,[]
1572,2,[]
1573,3,[]
1574,1,[]
1575,5,[]
1576,5,[]
1577,10,[]
1578,3,[]
1579,2,[]
1580,1,[]
1581,46,[]
1582,14,[]
1583,46,[]
1584,7,[]
1585,46,[]
1586,7,[]
1587,7,[]
1588,2,[]
1589,7,[]
1590,1,[]
1591,7,[]
1592,1,[]
1593,2,[]
1594,1,[]
1595,5,[]
1596,1,[]
1597,5,[]
1598,1,[]
1599,5,[]
1600,1,[]
1601,5,[]
1602,1,[]
1603,5,[]
1604,4,[]
1605,5,[]
1606,2,[]
1607,17,[]
1608,5,[]
1609,4,[]
1610,17,[]
1611,5,[]
1612,17,[]
1613,23,[]
1614,5,[]
1615,23,[]
1616,4,[]
1617,23,[]
1618,5,[]
1619,23,[]
1620,4,[]
1621,23,[]
1622,17,[]
1623,5,[]
1624,17,[]
1625,2,[]
1626,1,[]
1627,2,[]
1628,1,[]
1629,2,[]
1630,2,[]
1631,1,[]
1632,2,[]
1633,1,[]
1634,68,[]
1635,1,[]
1636,68,[]
1637,1,[]
1638,68,[]
1639,1,[]
1640,68,[]
1641,1,[]
1642,68,[]
1643,2,[]
1644,1,[]
1645,68,[]
1646,1,[]
1647,68,[]
1648,2,[]
1649,1,[]
1650,2,[]
1651,1,[]
1652,68,[]
1653,2,[]
1654,2,[]
1655,1,[]
1656,2,[]
1657,1,[]
1658,1,[]
1659,2,[]
1660,2,[]
1661,1,[]
1662,2,[]
1663,1,[]
1664,1,[]
1665,2,[]
1666,1,[]
1667,2,[]
1668,1,[]
1669,2,[]
1670,2,[]
1671,1,[]
1672,1,[]
1673,2,[]
1674,1,[]
1675,1,[]
1676,2,[]
1677,1,[]
1678,2,[]
1679,1,[]
1680,2,[]
1681,1,[]
1682,2,[]
1683,1,[]
1684,2,[]
1685,7,[]
1686,7,[]
1687,28,[]
1688,6,[]
1689,28,[]
1690,6,[]
1691,7,[]
1692,28,[]
1693,85,[]
1694,7,[]
1695,2,[]
1696,1,[]
1697,1,[]
1698,28,[]
1699,2,[]
1700,28,[]
1701,2,[]
1702,28,[]
1703,1,[]
1704,28,[]
1705,1,[]
1706,28,[]
1707,1,[]
1708,2,[]
1709,28,[]
1710,1,[]
1711,39,[]
1712,1,[]
1713,39,[]
1714,1,[]
1715,39,[]
1716,1,[]
1717,39,[]
1718,1,[]
1719,2,[]
1720,1,[]
1721,28,[]
1722,1,[]
1723,28,[]
1724,2,[]
1725,28,[]
1726,1,[]
1727,39,[]
1728,1,[]
1729,1,[]
1730,2,[]
1731,2,[]
1732,1,[]
1733,2,[]
1734,1,[]
1735,2,[]
1736,28,[]
1737,1,[]
1738,2,[]
1739,28,[]
1740,2,[]
1741,1,[]
1742,2,[]
1743,28,[]
1744,2,[]
1745,28,[]
1746,2,[]
1747,28,[]
1748,2,[]
1749,28,[]
1750,2,[]
1751,1,[]
1752,2,[]
1753,1,[]
1754,1,[]
1755,24,[]
1756,1,[]
1757,24,[]
1758,1,[]
1759,24,[]
1760,1,[]
1761,24,[]
1762,1,[]
1763,24,[]
1764,1,[]
1765,24,[]
1766,1,[]
1767,24,[]
1768,1,[]
1769,24,[]
1770,1,[]
1771,24,[]
1772,1,[]
1773,24,[]
1774,1,[]
1775,24,[]
1776,1,[]
1777,24,[]
1778,1,[]
1779,24,[]
1780,1,[]
1781,24,[]
1782,1,[]
1783,24,[]
1784,1,[]
1785,24,[]
1786,24,[]
1787,24,[]
1788,24,[]
1789,1,[]
1790,24,[]
1791,1,[]
1792,20,[]
1793,1,[]
1794,28,[]
1795,4,[]
1796,1,[]
1797,2,[]
1798,4,[]
1799,1,[]
1800,2,[]
1801,4,[]
1802,2,[]
1803,4,[]
1804,1,[]
1805,4,[]
1806,1,[]
1807,4,[]
1808,1,[]
1809,4,[]
1810,1,[]
1811,4,[]
1812,1,[]
1813,4,[]
1814,1,[]
1815,27,[]
1816,23,[]
1817,4,[]
1818,23,[]
1819,4,[]
1820,23,[]
1821,4,[]
1822,23,[]
1823,4,[]
1824,23,[]
1825,4,[]
1826,23,[]
1827,4,[]
1828,23,[]
1829,4,[]
1830,23,[]
1831,1,[]
1832,23,[]
1833,27,[]
1834,1,[]
1835,1,[]
1836,23,[]
1837,1,[]
1838,23,[]
1839,1,[]
1840,23,[]
1841,27,[]
1842,23,[]
1843,27,[]
1844,23,[]
1845,27,[]
1846,23,[]
1847,23,[]
1848,27,[]
1849,1,[]
1850,27,[]
1851,1,[]
1852,126,[]
1853,47,[]
1854,126,[]
1855,47,[]
1856,126,[]
1857,47,[]
1858,3,[]
1859,10,[]
1860,2,[]
1861,3,[]
1862,1,[]
1863,3,[]
1864,7,[]
1865,4,[]
1866,3,[]
1867,5,[]
1868,1,[]
1869,5,[]
1870,127,[]
1871,1,"['Lumos Maxima', 'Lumos Maxima', 'Lumos Maxima', 'Lumos Maxima', 'Lumos Maxima']"
1872,32,[]
1873,1,[]
1874,21,[]
1875,1,[]
1876,21,[]
1877,1,[]
1878,60,[]
1879,1,[]
1880,60,[]
1881,21,[]
1882,1,[]
1883,60,[]
1884,21,[]
1885,60,[]
1886,21,[]
1887,60,[]
1888,1,[]
1889,60,[]
1890,32,[]
1891,60,[]
1892,1,[]
1893,60,[]
1894,1,[]
1895,60,[]
1896,21,[]
1897,60,[]
1898,1,[]
1899,60,[]
1900,21,[]
1901,60,[]
1902,21,[]
1903,32,[]
1904,21,[]
1905,1,[]
1906,21,[]
1907,1,[]
1908,21,[]
1909,1,[]
1910,58,[]
1911,1,[]
1912,58,[]
1913,1,[]
1914,58,[]
1915,1,[]
1916,58,[]
1917,58,[]
1918,133,[]
1919,58,[]
1920,1,[]
1921,58,[]
1922,1,[]
1923,58,[]
1924,133,[]
1925,1,[]
1926,58,[]
1927,133,[]
1928,1,[]
1929,58,[]
1930,1,[]
1931,58,[]
1932,1,[]
1933,133,[]
1934,92,[]
1935,58,[]
1936,133,[]
1937,92,[]
1938,1,[]
1939,17,[]
1940,17,[]
1941,92,[]
1942,1,[]
1943,17,[]
1944,1,[]
1945,17,[]
1946,1,[]
1947,17,[]
1948,1,[]
1949,17,[]
1950,1,[]
1951,17,[]
1952,1,[]
1953,17,[]
1954,160,[]
1955,2,[]
1956,3,[]
1957,2,[]
1958,3,[]
1959,2,[]
1960,3,[]
1961,1,[]
1962,2,[]
1963,3,[]
1964,2,[]
1965,14,[]
1966,19,[]
1967,2,[]
1968,14,[]
1969,19,[]
1970,26,[]
1971,1,[]
1972,26,[]
1973,1,[]
1974,26,[]
1975,1,[]
1976,26,[]
1977,1,[]
1978,26,[]
1979,1,[]
1980,26,[]
1981,1,[]
1982,16,[]
1983,1,[]
1984,16,[]
1985,1,[]
1986,16,[]
1987,3,[]
1988,16,[]
1989,1,[]
1990,16,[]
1991,1,[]
1992,16,[]
1993,1,[]
1994,16,[]
1995,1,[]
1996,16,[]
1997,1,[]
1998,16,[]
1999,1,[]
2000,16,[]
2001,1,[]
2002,26,[]
2003,1,[]
2004,2,[]
2005,3,[]
2006,1,[]
2007,2,[]
2008,3,[]
2009,2,[]
2010,3,[]
2011,2,[]
2012,3,[]
2013,2,[]
2014,1,[]
2015,3,[]
2016,1,[]
2017,2,[]
2018,1,[]
2019,3,[]
2020,2,[]
2021,1,[]
2022,3,[]
2023,2,[]
2024,1,[]
2025,3,[]
2026,2,[]
2027,2,[]
2028,3,[]
2029,1,[]
2030,11,[]
2031,1,[]
2032,11,[]
2033,1,[]
2034,2,[]
2035,1,[]
2036,2,[]
2037,1,[]
2038,3,[]
2039,4,[]
2040,3,[]
2041,12,[]
2042,2,[]
2043,1,[]
2044,3,[]
2045,4,[]
2046,29,[]
2047,141,[]
2048,1,[]
2049,141,[]
2050,1,[]
2051,1,[]
2052,29,[]
2053,2,[]
2054,29,[]
2055,2,[]
2056,29,[]
2057,2,[]
2058,38,[]
2059,3,[]
2060,2,[]
2061,3,[]
2062,38,[]
2063,10,[]
2064,38,[]
2065,2,[]
2066,38,[]
2067,2,[]
2068,38,[]
2069,126,[]
2070,2,[]
2071,3,[]
2072,2,[]
2073,3,[]
2074,2,[]
2075,3,[]
2076,5,[]
2077,12,[]
2078,5,[]
2079,12,[]
2080,10,[]
2081,3,[]
2082,12,[]
2083,1,[]
2084,12,[]
2085,3,[]
2086,2,[]
2087,10,[]
2088,5,[]
2089,2,[]
2090,5,[]
2091,1,[]
2092,5,[]
2093,1,[]
2094,5,[]
2095,2,[]
2096,12,[]
2097,5,[]
2098,1,[]
2099,12,[]
2100,5,[]
2101,12,[]
2102,5,[]
2103,3,[]
2104,5,[]
2105,12,[]
2106,5,[]
2107,12,[]
2108,91,[]
2109,12,[]
2110,2,[]
2111,1,[]
2112,3,[]
2113,29,[]
2114,2,[]
2115,29,[]
2116,3,[]
2117,126,[]
2118,29,[]
2119,126,[]
2120,11,[]
2121,75,[]
2122,11,[]
2123,3,[]
2124,2,[]
2125,3,[]
2126,11,[]
2127,136,[]
2128,11,[]
2129,136,[]
2130,12,[]
2131,11,[]
2132,10,[]
2133,11,[]
2134,10,[]
2135,11,[]
2136,10,[]
2137,11,[]
2138,10,[]
2139,11,[]
2140,10,[]
2141,11,[]
2142,2,[]
2143,11,[]
2144,78,[]
2145,11,[]
2146,7,[]
2147,35,[]
2148,1,[]
2149,7,[]
2150,1,[]
2151,1,[]
2152,11,[]
2153,1,[]
2154,11,[]
2155,1,[]
2156,11,[]
2157,1,[]
2158,11,[]
2159,2,[]
2160,1,[]
2161,2,[]
2162,10,[]
2163,2,[]
2164,37,[]
2165,20,[]
2166,2,[]
2167,3,[]
2168,37,[]
2169,4,[]
2170,37,[]
2171,4,[]
2172,37,[]
2173,4,[]
2174,35,[]
2175,37,[]
2176,4,[]
2177,4,[]
2178,141,[]
2179,4,[]
2180,35,[]
2181,4,[]
2182,59,[]
2183,4,[]
2184,6,[]
2185,4,[]
2186,6,[]
2187,4,[]
2188,6,[]
2189,4,[]
2190,6,[]
2191,4,[]
2192,6,[]
2193,4,[]
2194,6,[]
2195,1,[]
2196,6,[]
2197,2,[]
2198,3,[]
2199,6,[]
2200,2,[]
2201,6,[]
2202,3,[]
2203,6,[]
2204,2,[]
2205,6,[]
2206,1,[]
2207,6,[]
2208,3,[]
2209,4,[]
2210,2,[]
2211,14,[]
2212,19,[]
2213,1,[]
2214,3,[]
2215,1,[]
2216,14,[]
2217,1,[]
2218,2,[]
2219,1,[]
2220,3,[]
2221,2,[]
2222,11,[]
2223,1,[]
2224,11,[]
2225,1,[]
2226,11,[]
2227,1,[]
2228,11,[]
2229,1,[]
2230,11,[]
2231,35,[]
2232,1,[]
2233,14,[]
2234,19,[]
2235,1,[]
2236,14,[]
2237,19,[]
2238,14,[]
2239,1,[]
2240,19,[]
2241,14,[]
2242,19,[]
2243,1,[]
2244,1,[]
2245,14,[]
2246,19,[]
2247,14,[]
2248,19,[]
2249,1,[]
2250,19,[]
2251,1,[]
2252,14,[]
2253,19,[]
2254,14,[]
2255,19,[]
2256,1,[]
2257,14,[]
2258,1,[]
2259,19,[]
2260,14,[]
2261,19,[]
2262,14,[]
2263,19,[]
2264,1,[]
2265,14,[]
2266,19,[]
2267,14,[]
2268,19,[]
2269,14,[]
2270,19,[]
2271,14,[]
2272,19,[]
2273,14,[]
2274,19,[]
2275,126,[]
2276,3,[]
2277,2,[]
2278,3,[]
2279,2,[]
2280,2,[]
2281,12,[]
2282,2,[]
2283,12,[]
2284,3,[]
2285,12,[]
2286,80,[]
2287,2,[]
2288,12,[]
2289,80,[]
2290,3,[]
2291,2,[]
2292,2,[]
2293,3,[]
2294,2,[]
2295,3,[]
2296,2,[]
2297,17,[]
2298,7,[]
2299,5,[]
2300,17,[]
2301,5,[]
2302,17,[]
2303,66,[]
2304,17,[]
2305,66,[]
2306,17,[]
2307,66,[]
2308,17,[]
2309,3,[]
2310,133,[]
2311,3,[]
2312,2,[]
2313,133,[]
2314,66,[]
2315,7,[]
2316,66,[]
2317,7,[]
2318,17,[]
2319,66,[]
2320,7,[]
2321,66,[]
2322,7,[]
2323,17,[]
2324,7,[]
2325,17,[]
2326,7,[]
2327,66,[]
2328,17,[]
2329,66,[]
2330,7,[]
2331,3,[]
2332,1,[]
2333,11,[]
2334,1,[]
2335,11,[]
2336,11,['Expecto Patronum']
2337,1,['Expecto Patronum']
2338,11,[]
2339,1,['Expecto Patronum']
2340,11,[]
2341,1,[]
2342,11,[]
2343,1,[]
2344,11,[]
2345,1,[]
2346,11,[]
2347,1,"['Expecto Patronum', 'Expecto Patronum']"
2348,11,[]
2349,1,[]
2350,11,[]
2351,1,[]
2352,3,[]
2353,2,[]
2354,2,[]
2355,1,[]
2356,3,[]
2357,2,[]
2358,3,[]
2359,2,[]
2360,3,[]
2361,2,[]
2362,3,[]
2363,2,[]
2364,3,[]
2365,3,[]
2366,5,[]
2367,3,[]
2368,5,[]
2369,1,[]
2370,5,[]
2371,2,[]
2372,1,[]
2373,2,[]
2374,66,[]
2375,7,[]
2376,17,[]
2377,137,[]
2378,1,[]
2379,137,[]
2380,137,[]
2381,137,[]
2382,1,[]
2383,6,[]
2384,1,[]
2385,6,[]
2386,1,[]
2387,6,[]
2388,1,[]
2389,6,[]
2390,1,[]
2391,6,[]
2392,1,[]
2393,6,[]
2394,11,[]
2395,6,[]
2396,11,[]
2397,6,[]
2398,11,[]
2399,137,[]
2400,11,[]
2401,1,[]
2402,11,[]
2403,1,[]
2404,11,[]
2405,1,[]
2406,11,[]
2407,1,[]
2408,11,[]
2409,1,[]
2410,38,[]
2411,3,[]
2412,38,[]
2413,2,[]
2414,1,[]
2415,2,[]
2416,1,[]
2417,2,[]
2418,18,[]
2419,1,[]
2420,38,[]
2421,1,[]
2422,38,[]
2423,1,[]
2424,3,[]
2425,2,[]
2426,12,[]
2427,3,[]
2428,2,[]
2429,80,[]
2430,12,[]
2431,3,[]
2432,2,[]
2433,5,[]
2434,1,[]
2435,5,[]
2436,3,[]
2437,5,[]
2438,2,[]
2439,5,[]
2440,3,[]
2441,2,[]
2442,3,[]
2443,5,[]
2444,1,[]
2445,5,[]
2446,17,[]
2447,4,[]
2448,5,[]
2449,1,[]
2450,5,[]
2451,4,[]
2452,17,[]
2453,4,[]
2454,5,[]
2455,17,[]
2456,5,[]
2457,17,[]
2458,4,[]
2459,17,[]
2460,5,[]
2461,4,[]
2462,17,[]
2463,1,[]
2464,3,[]
2465,2,[]
2466,5,[]
2467,2,[]
2468,2,[]
2469,3,[]
2470,2,[]
2471,1,[]
2472,2,[]
2473,3,[]
2474,1,[]
2475,2,[]
2476,3,[]
2477,2,[]
2478,1,[]
2479,3,[]
2480,3,[]
2481,3,[]
2482,1,[]
2483,3,[]
2484,1,[]
2485,3,[]
2486,1,[]
2487,3,[]
2488,2,[]
2489,3,[]
2490,18,[]
2491,1,[]
2492,18,[]
2493,11,[]
2494,18,[]
2495,11,[]
2496,18,[]
2497,11,[]
2498,18,[]
2499,3,[]
2500,11,[]
2501,3,[]
2502,11,[]
2503,18,[]
2504,11,[]
2505,18,[]
2506,11,[]
2507,1,[]
2508,11,[]
2509,1,[]
2510,18,[]
2511,6,[]
2512,18,[]
2513,6,[]
2514,18,[]
2515,6,[]
2516,11,[]
2517,18,[]
2518,11,[]
2519,18,[]
2520,6,[]
2521,18,[]
2522,6,[]
2523,11,[]
2524,6,[]
2525,1,[]
2526,2,[]
2527,3,[]
2528,1,[]
2529,11,[]
2530,1,[]
2531,11,[]
2532,1,[]
2533,18,[]
2534,2,[]
2535,18,[]
2536,2,[]
2537,18,[]
2538,2,[]
2539,1,[]
2540,18,[]
2541,1,[]
2542,2,[]
2543,44,[]
2544,18,[]
2545,11,[]
2546,44,[]
2547,18,[]
2548,44,[]
2549,11,[]
2550,1,[]
2551,11,[]
2552,1,[]
2553,44,[]
2554,1,[]
2555,18,[]
2556,2,[]
2557,18,[]
2558,1,[]
2559,2,[]
2560,1,[]
2561,3,[]
2562,1,[]
2563,2,[]
2564,3,[]
2565,2,[]
2566,3,[]
2567,2,[]
2568,18,[]
2569,1,[]
2570,44,[]
2571,11,[]
2572,18,[]
2573,1,[]
2574,18,[]
2575,1,[]
2576,18,[]
2577,3,[]
2578,18,[]
2579,1,[]
2580,3,[]
2581,18,[]
2582,1,[]
2583,3,[]
2584,2,[]
2585,3,[]
2586,2,[]
2587,6,[]
2588,1,[]
2589,6,[]
2590,1,['Expecto Patronum']
2591,3,[]
2592,1,[]
2593,3,[]
2594,1,[]
2595,3,[]
2596,1,[]
2597,3,[]
2598,1,[]
2599,2,[]
2600,4,[]
2601,2,[]
2602,3,[]
2603,4,[]
2604,2,[]
2605,3,[]
2606,1,[]
2607,3,[]
2608,1,[]
2609,3,[]
2610,1,[]
2611,3,[]
2612,1,[]
2613,2,[]
2614,1,[]
2615,3,[]
2616,1,[]
2617,3,[]
2618,1,[]
2619,3,[]
2620,80,[]
2621,12,[]
2622,3,[]
2623,2,[]
2624,1,[]
2625,1,[]
2626,3,[]
2627,1,[]
2628,3,[]
2629,2,[]
2630,5,[]
2631,1,[]
2632,3,[]
2633,1,[]
2634,3,[]
2635,3,[]
2636,1,[]
2637,1,[]
2638,1,[]
2639,3,[]
2640,3,[]
2641,1,[]
2642,3,[]
2643,2,[]
2644,3,[]
2645,1,[]
2646,4,[]
2647,17,[]
2648,3,[]
2649,3,[]
2650,17,[]
2651,4,[]
2652,3,[]
2653,4,[]
2654,17,[]
2655,4,[]
2656,17,[]
2657,4,[]
2658,17,[]
2659,4,[]
2660,3,[]
2661,17,[]
2662,4,[]
2663,17,[]
2664,4,[]
2665,1,[]
2666,17,[]
2667,4,[]
2668,17,[]
2669,4,[]
2670,5,[]
2671,17,[]
2672,17,[]
2673,3,[]
2674,4,[]
2675,17,[]
2676,4,[]
2677,5,[]
2678,1,[]
2679,3,[]
2680,1,[]
2681,3,[]
2682,11,[]
2683,3,[]
2684,1,[]
2685,3,[]
2686,3,[]
2687,1,[]
2688,3,[]
2689,1,[]
2690,3,[]
2691,1,[]
2692,3,[]
2693,3,[]
2694,1,[]
2695,3,[]
2696,1,[]
2697,3,[]
2698,1,[]
2699,3,[]
2700,1,[]
2701,3,[]
2702,3,[]
2703,1,[]
2704,3,[]
2705,1,[]
2706,3,[]
2707,1,[]
2708,3,[]
2709,1,['Expecto Patronum']
2710,1,[]
2711,3,[]
2712,3,[]
2713,3,[]
2714,18,[]
2715,1,[]
2716,18,[]
2717,1,[]
2718,18,[]
2719,1,[]
2720,18,[]
2721,3,[]
2722,4,[]
2723,1,[]
2724,4,[]
2725,2,[]
2726,3,[]
2727,1,[]
2728,11,[]
2729,1,[]
2730,11,[]
2731,1,[]
2732,11,[]
2733,1,[]
2734,11,[]
2735,11,[]
2736,1,[]
2737,11,[]
2738,2,[]
2739,10,[]
2740,29,[]
2741,1,[]
2742,2,[]
2743,14,[]
2744,19,[]
2745,127,[]
2746,1,[]
2747,2,[]
2748,3,[]
2749,10,[]
2750,29,[]
2751,3,[]
2752,156,[]
2753,44,[]
2754,9,[]
2755,89,[]
2756,9,[]
2757,9,[]
2758,9,[]
2759,3,[]
2760,3,[]
2761,1,[]
2762,3,[]
2763,1,[]
2764,3,[]
2765,2,[]
2766,3,[]
2767,1,[]
2768,2,[]
2769,16,[]
2770,67,[]
2771,16,[]
2772,36,[]
2773,67,[]
2774,1,[]
2775,67,[]
2776,1,[]
2777,16,[]
2778,67,[]
2779,1,[]
2780,14,[]
2781,19,[]
2782,67,[]
2783,1,[]
2784,67,[]
2785,16,[]
2786,67,[]
2787,16,[]
2788,3,[]
2789,16,[]
2790,16,[]
2791,1,[]
2792,16,[]
2793,67,[]
2794,1,[]
2795,16,[]
2796,16,[]
2797,14,[]
2798,19,[]
2799,16,[]
2800,14,[]
2801,19,[]
2802,1,[]
2803,2,[]
2804,23,[]
2805,12,[]
2806,23,[]
2807,16,[]
2808,19,[]
2809,14,[]
2810,19,[]
2811,14,[]
2812,19,[]
2813,2,[]
2814,19,[]
2815,17,[]
2816,2,[]
2817,20,[]
2818,14,[]
2819,19,[]
2820,14,[]
2821,19,[]
2822,1,[]
2823,14,[]
2824,16,[]
2825,16,[]
2826,2,[]
2827,1,[]
2828,16,[]
2829,16,[]
2830,33,[]
2831,16,[]
2832,33,[]
2833,1,[]
2834,16,[]
2835,1,[]
2836,3,[]
2837,1,[]
2838,33,[]
2839,1,[]
2840,33,[]
2841,16,[]
2842,1,[]
2843,146,[]
2844,146,[]
2845,2,[]
2846,2,[]
2847,1,[]
2848,2,[]
2849,55,[]
2850,55,[]
2851,146,[]
2852,1,[]
2853,3,[]
2854,2,[]
2855,3,[]
2856,1,[]
2857,3,[]
2858,5,[]
2859,1,[]
2860,4,[]
2861,4,[]
2862,131,[]
2863,4,[]
2864,2,[]
2865,49,[]
2866,4,[]
2867,69,[]
2868,4,[]
2869,69,[]
2870,59,[]
2871,4,[]
2872,14,[]
2873,4,[]
2874,2,[]
2875,3,[]
2876,2,[]
2877,4,[]
2878,13,[]
2879,29,[]
2880,1,[]
2881,33,[]
2882,19,[]
2883,4,[]
2884,4,[]
2885,13,[]
2886,13,[]
2887,3,[]
2888,13,[]
2889,3,[]
2890,13,[]
2891,29,[]
2892,13,[]
2893,2,[]
2894,13,[]
2895,2,[]
2896,13,[]
2897,13,[]
2898,13,[]
2899,13,[]
2900,13,[]
2901,13,[]
2902,13,[]
2903,13,[]
2904,10,[]
2905,13,[]
2906,3,[]
2907,13,[]
2908,13,[]
2909,2,[]
2910,3,[]
2911,3,[]
2912,13,[]
2913,13,[]
2914,2,[]
2915,1,[]
2916,19,[]
2917,14,[]
2918,3,[]
2919,14,[]
2920,3,[]
2921,14,[]
2922,3,[]
2923,19,[]
2924,19,[]
2925,14,[]
2926,19,[]
2927,4,[]
2928,4,[]
2929,4,[]
2930,4,[]
2931,4,[]
2932,4,[]
2933,5,[]
2934,4,[]
2935,3,[]
2936,131,[]
2937,4,[]
2938,1,[]
2939,4,[]
2940,1,[]
2941,4,[]
2942,1,[]
2943,69,[]
2944,13,[]
2945,49,[]
2946,13,[]
2947,4,[]
2948,33,[]
2949,7,[]
2950,4,[]
2951,7,[]
2952,4,[]
2953,7,[]
2954,6,[]
2955,7,[]
2956,4,[]
2957,13,[]
2958,4,[]
2959,2,[]
2960,2,[]
2961,1,[]
2962,2,[]
2963,1,[]
2964,2,[]
2965,1,[]
2966,2,[]
2967,57,[]
2968,57,[]
2969,57,[]
2970,1,[]
2971,57,[]
2972,1,[]
2973,57,[]
2974,1,[]
2975,57,[]
2976,1,[]
2977,57,[]
2978,1,[]
2979,57,[]
2980,1,[]
2981,57,[]
2982,1,[]
2983,18,[]
2984,18,[]
2985,1,[]
2986,57,[]
2987,1,[]
2988,18,[]
2989,1,[]
2990,18,[]
2991,1,[]
2992,18,[]
2993,1,[]
2994,18,[]
2995,1,[]
2996,18,[]
2997,1,[]
2998,18,[]
2999,1,[]
3000,18,[]
3001,1,[]
3002,18,[]
3003,1,[]
3004,18,[]
3005,2,[]
3006,1,[]
3007,2,[]
3008,1,[]
3009,2,[]
3010,10,[]
3011,1,[]
3012,10,[]
3013,1,[]
3014,10,[]
3015,3,[]
3016,3,[]
3017,1,[]
3018,3,[]
3019,3,[]
3020,1,[]
3021,3,[]
3022,5,[]
3023,1,[]
3024,5,[]
3025,1,[]
3026,5,[]
3027,69,[]
3028,5,[]
3029,5,[]
3030,69,[]
3031,5,[]
3032,69,[]
3033,5,[]
3034,69,[]
3035,69,[]
3036,1,[]
3037,5,[]
3038,5,[]
3039,1,[]
3040,5,[]
3041,1,[]
3042,131,[]
3043,1,[]
3044,131,[]
3045,1,[]
3046,1,[]
3047,36,[]
3048,1,[]
3049,36,[]
3050,1,[]
3051,36,[]
3052,1,[]
3053,1,[]
3054,2,[]
3055,1,[]
3056,2,[]
3057,1,[]
3058,2,[]
3059,12,[]
3060,1,[]
3061,13,[]
3062,7,[]
3063,13,[]
3064,7,[]
3065,13,[]
3066,12,[]
3067,13,[]
3068,13,[]
3069,7,[]
3070,13,[]
3071,7,[]
3072,13,[]
3073,13,[]
3074,13,[]
3075,1,[]
3076,13,[]
3077,1,[]
3078,13,[]
3079,1,[]
3080,13,[]
3081,3,[]
3082,1,[]
3083,3,[]
3084,1,[]
3085,57,[]
3086,114,[]
3087,57,[]
3088,4,[]
3089,4,[]
3090,3,[]
3091,4,[]
3092,33,[]
3093,33,[]
3094,33,[]
3095,33,[]
3096,1,[]
3097,33,[]
3098,1,[]
3099,33,[]
3100,4,[]
3101,4,[]
3102,3,[]
3103,19,[]
3104,14,[]
3105,19,[]
3106,14,[]
3107,29,[]
3108,1,[]
3109,1,[]
3110,14,[]
3111,2,[]
3112,1,[]
3113,2,[]
3114,1,[]
3115,2,[]
3116,1,[]
3117,2,[]
3118,1,[]
3119,2,[]
3120,3,[]
3121,3,[]
3122,111,[]
3123,2,[]
3124,2,[]
3125,2,[]
3126,1,[]
3127,2,[]
3128,20,[]
3129,2,[]
3130,3,[]
3131,2,[]
3132,7,[]
3133,7,[]
3134,14,[]
3135,7,[]
3136,2,[]
3137,7,[]
3138,7,[]
3139,2,[]
3140,7,[]
3141,7,[]
3142,7,[]
3143,1,[]
3144,14,[]
3145,19,[]
3146,7,[]
3147,7,[]
3148,1,[]
3149,2,[]
3150,1,[]
3151,5,[]
3152,5,[]
3153,2,[]
3154,2,[]
3155,1,[]
3156,3,[]
3157,2,[]
3158,2,[]
3159,3,[]
3160,2,[]
3161,3,[]
3162,2,[]
3163,2,[]
3164,1,[]
3165,55,[]
3166,1,[]
3167,55,[]
3168,1,[]
3169,55,[]
3170,1,[]
3171,55,[]
3172,1,[]
3173,55,[]
3174,1,[]
3175,55,[]
3176,1,[]
3177,131,[]
3178,3,[]
3179,1,[]
3180,3,[]
3181,3,[]
3182,1,[]
3183,2,[]
3184,131,[]
3185,1,[]
3186,2,[]
3187,78,[]
3188,101,[]
3189,1,[]
3190,2,[]
3191,2,[]
3192,1,[]
3193,2,[]
3194,1,[]
3195,2,[]
3196,2,[]
3197,1,[]
3198,2,[]
3199,1,[]
3200,2,[]
3201,1,[]
3202,2,[]
3203,78,[]
3204,78,[]
3205,7,[]
3206,1,[]
3207,7,[]
3208,1,[]
3209,7,[]
3210,78,[]
3211,1,[]
3212,101,[]
3213,2,[]
3214,78,[]
3215,1,[]
3216,78,[]
3217,3,[]
3218,2,[]
3219,3,[]
3220,2,[]
3221,3,[]
3222,2,[]
3223,101,[]
3224,2,[]
3225,2,[]
3226,3,[]
3227,2,[]
3228,3,[]
3229,2,[]
3230,3,[]
3231,2,[]
3232,3,[]
3233,2,[]
3234,3,[]
3235,2,[]
3236,3,[]
3237,9,[]
3238,9,[]
3239,10,[]
3240,3,[]
3241,1,[]
3242,3,[]
3243,1,[]
3244,3,[]
3245,36,[]
3246,1,[]
3247,36,[]
3248,1,[]
3249,36,[]
3250,1,[]
3251,36,[]
3252,36,[]
3253,1,[]
3254,39,[]
3255,1,[]
3256,39,[]
3257,39,[]
3258,1,[]
3259,39,[]
3260,39,[]
3261,151,[]
3262,1,[]
3263,39,[]
3264,3,[]
3265,1,[]
3266,3,[]
3267,1,[]
3268,3,[]
3269,1,[]
3270,3,[]
3271,13,[]
3272,3,[]
3273,13,[]
3274,13,[]
3275,10,[]
3276,1,[]
3277,10,[]
3278,1,[]
3279,10,[]
3280,1,[]
3281,10,[]
3282,1,[]
3283,10,[]
3284,1,[]
3285,10,[]
3286,1,[]
3287,10,[]
3288,1,[]
3289,4,[]
3290,13,[]
3291,4,[]
3292,29,[]
3293,75,[]
3294,10,[]
3295,4,[]
3296,1,[]
3297,151,[]
3298,4,[]
3299,33,[]
3300,4,[]
3301,81,[]
3302,81,[]
3303,2,[]
3304,2,[]
3305,3,[]
3306,1,[]
3307,3,[]
3308,1,[]
3309,3,[]
3310,4,[]
3311,4,[]
3312,14,[]
3313,2,[]
3314,19,[]
3315,33,[]
3316,13,[]
3317,13,[]
3318,5,[]
3319,2,[]
3320,5,[]
3321,1,[]
3322,4,[]
3323,17,[]
3324,4,[]
3325,17,[]
3326,4,[]
3327,17,[]
3328,13,[]
3329,17,[]
3330,1,[]
3331,4,[]
3332,1,[]
3333,1,[]
3334,33,[]
3335,49,[]
3336,33,[]
3337,49,[]
3338,33,[]
3339,49,[]
3340,13,[]
3341,49,[]
3342,33,[]
3343,49,[]
3344,33,[]
3345,49,[]
3346,33,[]
3347,49,[]
3348,4,[]
3349,49,[]
3350,33,[]
3351,33,[]
3352,49,[]
3353,33,[]
3354,49,[]
3355,33,[]
3356,49,[]
3357,33,[]
3358,49,[]
3359,89,[]
3360,33,[]
3361,4,[]
3362,1,[]
3363,4,[]
3364,1,[]
3365,4,[]
3366,1,[]
3367,4,[]
3368,4,[]
3369,49,[]
3370,6,[]
3371,1,[]
3372,6,[]
3373,1,[]
3374,6,[]
3375,1,[]
3376,6,[]
3377,4,[]
3378,4,[]
3379,4,[]
3380,4,[]
3381,13,[]
3382,4,[]
3383,1,[]
3384,36,[]
3385,1,[]
3386,36,[]
3387,1,[]
3388,36,[]
3389,36,[]
3390,1,[]
3391,36,[]
3392,1,[]
3393,36,[]
3394,1,[]
3395,36,[]
3396,1,[]
3397,36,[]
3398,1,[]
3399,36,[]
3400,1,[]
3401,36,[]
3402,36,[]
3403,1,[]
3404,36,[]
3405,9,[]
3406,1,[]
3407,9,[]
3408,44,[]
3409,44,[]
3410,44,[]
3411,44,[]
3412,9,[]
3413,9,[]
3414,44,[]
3415,9,[]
3416,9,[]
3417,9,[]
3418,23,[]
3419,9,[]
3420,23,[]
3421,44,[]
3422,9,[]
3423,44,[]
3424,9,[]
3425,1,[]
3426,9,[]
3427,9,[]
3428,9,[]
3429,9,[]
3430,9,[]
3431,1,[]
3432,9,[]
3433,42,[]
3434,36,[]
3435,45,[]
3436,9,[]
3437,4,[]
3438,4,[]
3439,1,[]
3440,4,[]
3441,17,[]
3442,67,[]
3443,13,[]
3444,13,[]
3445,1,[]
3446,13,[]
3447,1,[]
3448,13,[]
3449,1,[]
3450,13,[]
3451,1,[]
3452,13,[]
3453,1,[]
3454,13,[]
3455,1,[]
3456,13,[]
3457,4,[]
3458,4,[]
3459,13,[]
3460,4,[]
3461,13,[]
3462,4,[]
3463,4,[]
3464,4,[]
3465,13,[]
3466,1,[]
3467,6,[]
3468,4,[]
3469,4,[]
3470,4,[]
3471,89,[]
3472,4,[]
3473,89,[]
3474,4,[]
3475,89,[]
3476,4,[]
3477,4,[]
3478,4,[]
3479,1,[]
3480,4,['Priori Incantatem']
3481,4,[]
3482,114,[]
3483,3,[]
3484,81,[]
3485,2,[]
3486,3,[]
3487,1,[]
3488,3,[]
3489,1,[]
3490,3,[]
3491,2,[]
3492,3,[]
3493,31,[]
3494,148,[]
3495,1,[]
3496,31,[]
3497,31,[]
3498,1,[]
3499,88,[]
3500,31,[]
3501,1,[]
3502,31,[]
3503,1,[]
3504,1,[]
3505,31,[]
3506,148,[]
3507,31,[]
3508,1,[]
3509,31,[]
3510,1,[]
3511,31,[]
3512,1,[]
3513,1,[]
3514,1,[]
3515,1,[]
3516,1,[]
3517,1,['Expecto Patronum']
3518,9,[]
3519,45,[]
3520,1,['Expecto Patronum']
3521,21,[]
3522,1,[]
3523,32,[]
3524,21,[]
3525,32,[]
3526,1,[]
3527,21,[]
3528,1,[]
3529,21,[]
3530,1,[]
3531,21,[]
3532,21,[]
3533,1,[]
3534,21,[]
3535,1,[]
3536,1,[]
3537,21,[]
3538,13,[]
3539,11,[]
3540,1,[]
3541,11,[]
3542,1,[]
3543,11,[]
3544,11,[]
3545,11,[]
3546,1,[]
3547,13,[]
3548,13,[]
3549,61,[]
3550,13,[]
3551,1,[]
3552,11,[]
3553,56,[]
3554,13,[]
3555,11,[]
3556,13,[]
3557,61,[]
3558,13,[]
3559,1,[]
3560,56,[]
3561,11,[]
3562,13,[]
3563,13,[]
3564,13,[]
3565,13,[]
3566,13,[]
3567,56,[]
3568,11,[]
3569,1,[]
3570,11,[]
3571,1,[]
3572,11,['Expecto Patronum']
3573,11,[]
3574,13,[]
3575,1,[]
3576,13,[]
3577,13,[]
3578,13,[]
3579,56,[]
3580,61,[]
3581,13,[]
3582,11,[]
3583,56,[]
3584,13,[]
3585,13,[]
3586,13,[]
3587,11,[]
3588,115,[]
3589,18,[]
3590,115,[]
3591,1,[]
3592,18,[]
3593,1,[]
3594,26,[]
3595,1,[]
3596,26,[]
3597,18,[]
3598,26,[]
3599,3,[]
3600,2,[]
3601,3,[]
3602,2,[]
3603,3,[]
3604,3,[]
3605,2,[]
3606,1,[]
3607,2,[]
3608,3,[]
3609,1,[]
3610,1,[]
3611,2,[]
3612,1,[]
3613,2,[]
3614,1,[]
3615,1,[]
3616,2,[]
3617,3,[]
3618,1,[]
3619,3,[]
3620,26,[]
3621,26,[]
3622,18,[]
3623,1,[]
3624,18,[]
3625,1,[]
3626,1,[]
3627,18,[]
3628,1,[]
3629,26,[]
3630,18,[]
3631,26,[]
3632,18,[]
3633,18,[]
3634,26,[]
3635,26,[]
3636,18,[]
3637,26,[]
3638,18,[]
3639,18,[]
3640,1,[]
3641,18,[]
3642,1,[]
3643,18,[]
3644,1,[]
3645,18,[]
3646,1,[]
3647,11,[]
3648,18,[]
3649,1,[]
3650,11,[]
3651,1,[]
3652,18,[]
3653,11,[]
3654,16,[]
3655,1,[]
3656,18,[]
3657,1,[]
3658,11,[]
3659,26,[]
3660,1,[]
3661,1,[]
3662,26,[]
3663,3,[]
3664,1,[]
3665,2,[]
3666,2,[]
3667,2,[]
3668,3,[]
3669,16,[]
3670,1,[]
3671,16,[]
3672,16,[]
3673,16,[]
3674,132,[]
3675,16,[]
3676,132,[]
3677,16,[]
3678,16,[]
3679,112,[]
3680,16,[]
3681,112,[]
3682,16,[]
3683,132,[]
3684,1,[]
3685,16,[]
3686,16,[]
3687,1,[]
3688,16,[]
3689,16,[]
3690,17,[]
3691,1,[]
3692,17,[]
3693,17,[]
3694,4,[]
3695,17,[]
3696,17,[]
3697,17,[]
3698,1,[]
3699,1,[]
3700,17,[]
3701,1,[]
3702,72,[]
3703,1,[]
3704,72,[]
3705,17,[]
3706,1,[]
3707,72,[]
3708,1,[]
3709,17,[]
3710,72,[]
3711,17,[]
3712,17,[]
3713,17,[]
3714,17,[]
3715,88,[]
3716,17,[]
3717,88,[]
3718,72,[]
3719,88,[]
3720,72,[]
3721,88,[]
3722,17,[]
3723,17,[]
3724,72,[]
3725,17,[]
3726,4,[]
3727,17,[]
3728,15,[]
3729,17,[]
3730,17,[]
3731,17,[]
3732,17,[]
3733,4,[]
3734,16,[]
3735,16,[]
3736,1,[]
3737,1,[]
3738,16,[]
3739,23,[]
3740,1,[]
3741,23,[]
3742,23,[]
3743,17,[]
3744,1,[]
3745,16,[]
3746,16,[]
3747,16,[]
3748,18,[]
3749,16,[]
3750,14,[]
3751,19,[]
3752,16,[]
3753,18,[]
3754,18,[]
3755,1,[]
3756,18,[]
3757,18,[]
3758,18,[]
3759,18,[]
3760,1,[]
3761,1,[]
3762,18,[]
3763,18,[]
3764,1,[]
3765,18,[]
3766,1,[]
3767,18,[]
3768,48,[]
3769,1,[]
3770,18,[]
3771,3,[]
3772,3,[]
3773,3,[]
3774,1,[]
3775,1,[]
3776,2,[]
3777,1,[]
3778,1,[]
3779,1,[]
3780,25,[]
3781,1,[]
3782,25,[]
3783,1,[]
3784,1,[]
3785,3,[]
3786,2,[]
3787,2,[]
3788,1,[]
3789,4,[]
3790,4,[]
3791,4,[]
3792,4,[]
3793,15,[]
3794,15,[]
3795,75,[]
3796,1,[]
3797,29,[]
3798,1,[]
3799,29,[]
3800,1,[]
3801,29,[]
3802,1,[]
3803,1,[]
3804,1,[]
3805,1,[]
3806,15,[]
3807,15,[]
3808,15,[]
3809,15,[]
3810,15,[]
3811,3,[]
3812,15,[]
3813,3,[]
3814,15,[]
3815,3,[]
3816,15,[]
3817,3,[]
3818,1,[]
3819,1,[]
3820,15,[]
3821,15,[]
3822,1,[]
3823,15,[]
3824,1,[]
3825,15,[]
3826,1,[]
3827,15,[]
3828,1,[]
3829,15,[]
3830,1,[]
3831,1,[]
3832,7,[]
3833,3,[]
3834,2,[]
3835,3,[]
3836,1,[]
3837,74,[]
3838,1,[]
3839,74,[]
3840,2,[]
3841,1,[]
3842,3,[]
3843,1,[]
3844,15,[]
3845,15,[]
3846,15,[]
3847,1,[]
3848,15,[]
3849,15,[]
3850,15,[]
3851,3,[]
3852,3,[]
3853,1,[]
3854,3,[]
3855,15,[]
3856,2,[]
3857,2,[]
3858,3,[]
3859,2,[]
3860,1,[]
3861,3,[]
3862,1,[]
3863,3,[]
3864,1,[]
3865,1,[]
3866,3,[]
3867,1,[]
3868,3,[]
3869,1,[]
3870,2,[]
3871,3,[]
3872,1,[]
3873,3,[]
3874,1,[]
3875,38,[]
3876,38,[]
3877,15,[]
3878,15,[]
3879,38,[]
3880,15,[]
3881,38,[]
3882,15,[]
3883,15,[]
3884,15,[]
3885,38,[]
3886,38,[]
3887,38,[]
3888,1,[]
3889,38,[]
3890,15,[]
3891,1,[]
3892,3,[]
3893,2,[]
3894,3,[]
3895,1,[]
3896,3,[]
3897,1,[]
3898,10,[]
3899,1,[]
3900,1,[]
3901,14,[]
3902,3,[]
3903,1,[]
3904,116,[]
3905,19,[]
3906,109,[]
3907,3,[]
3908,1,[]
3909,1,[]
3910,3,[]
3911,10,[]
3912,20,[]
3913,1,[]
3914,119,[]
3915,72,[]
3916,1,[]
3917,52,[]
3918,65,[]
3919,14,[]
3920,55,[]
3921,2,[]
3922,20,[]
3923,3,[]
3924,3,[]
3925,10,[]
3926,1,[]
3927,3,[]
3928,3,[]
3929,118,[]
3930,3,[]
3931,3,[]
3932,74,[]
3933,20,[]
3934,3,[]
3935,3,[]
3936,1,[]
3937,3,[]
3938,3,[]
3939,74,[]
3940,1,[]
3941,74,[]
3942,1,[]
3943,74,[]
3944,1,[]
3945,1,[]
3946,1,[]
3947,2,[]
3948,1,[]
3949,2,[]
3950,3,[]
3951,1,[]
3952,1,[]
3953,3,[]
3954,2,[]
3955,3,[]
3956,7,[]
3957,7,[]
3958,1,[]
3959,7,[]
3960,7,[]
3961,1,[]
3962,7,[]
3963,7,[]
3964,7,[]
3965,1,[]
3966,7,[]
3967,27,[]
3968,1,[]
3969,27,[]
3970,1,[]
3971,27,[]
3972,1,[]
3973,1,[]
3974,1,[]
3975,27,[]
3976,1,[]
3977,27,[]
3978,1,[]
3979,52,[]
3980,127,[]
3981,1,[]
3982,12,[]
3983,3,[]
3984,12,[]
3985,12,[]
3986,12,[]
3987,12,[]
3988,50,[]
3989,50,[]
3990,7,[]
3991,7,[]
3992,1,[]
3993,7,[]
3994,7,[]
3995,7,[]
3996,15,[]
3997,7,[]
3998,7,[]
3999,15,[]
4000,15,[]
4001,15,[]
4002,1,[]
4003,15,[]
4004,15,[]
4005,15,[]
4006,1,[]
4007,7,[]
4008,74,[]
4009,2,[]
4010,1,[]
4011,2,[]
4012,1,[]
4013,2,[]
4014,3,[]
4015,3,[]
4016,1,[]
4017,5,[]
4018,2,[]
4019,5,[]
4020,1,[]
4021,5,[]
4022,2,[]
4023,5,[]
4024,1,[]
4025,2,[]
4026,5,[]
4027,1,[]
4028,10,[]
4029,1,[]
4030,116,[]
4031,2,[]
4032,1,[]
4033,1,[]
4034,10,[]
4035,1,[]
4036,1,[]
4037,10,[]
4038,10,[]
4039,1,[]
4040,1,[]
4041,10,[]
4042,2,[]
4043,2,[]
4044,7,[]
4045,7,[]
4046,1,[]
4047,7,[]
4048,1,[]
4049,7,[]
4050,7,[]
4051,4,[]
4052,4,[]
4053,7,[]
4054,4,[]
4055,1,[]
4056,4,[]
4057,1,[]
4058,4,[]
4059,107,[]
4060,4,[]
4061,4,[]
4062,4,[]
4063,4,[]
4064,4,[]
4065,107,[]
4066,122,[]
4067,4,[]
4068,4,[]
4069,4,[]
4070,4,[]
4071,113,[]
4072,113,[]
4073,6,[]
4074,6,[]
4075,1,[]
4076,6,[]
4077,1,[]
4078,6,[]
4079,6,[]
4080,1,[]
4081,1,[]
4082,6,[]
4083,6,[]
4084,6,[]
4085,1,[]
4086,6,[]
4087,1,[]
4088,6,[]
4089,6,[]
4090,16,[]
4091,1,[]
4092,6,[]
4093,1,[]
4094,6,[]
4095,1,[]
4096,6,[]
4097,1,[]
4098,6,[]
4099,15,[]
4100,38,[]
4101,15,[]
4102,15,[]
4103,15,[]
4104,4,[]
4105,4,[]
4106,15,[]
4107,4,[]
4108,4,[]
4109,4,[]
4110,2,[]
4111,1,[]
4112,3,[]
4113,1,[]
4114,2,[]
4115,3,[]
4116,3,[]
4117,2,[]
4118,1,[]
4119,3,[]
4120,1,[]
4121,15,[]
4122,4,[]
4123,15,[]
4124,4,[]
4125,15,[]
4126,4,[]
4127,15,[]
4128,4,[]
4129,15,[]
4130,15,[]
4131,15,[]
4132,15,[]
4133,15,[]
4134,4,[]
4135,15,[]
4136,17,[]
4137,17,[]
4138,4,[]
4139,17,[]
4140,4,[]
4141,17,[]
4142,17,[]
4143,1,[]
4144,4,[]
4145,17,[]
4146,4,[]
4147,17,[]
4148,4,[]
4149,17,[]
4150,17,[]
4151,4,[]
4152,4,[]
4153,7,[]
4154,4,[]
4155,1,[]
4156,4,[]
4157,4,[]
4158,4,[]
4159,17,[]
4160,15,[]
4161,15,[]
4162,15,[]
4163,1,[]
4164,2,[]
4165,3,[]
4166,5,[]
4167,1,[]
4168,5,[]
4169,3,[]
4170,3,[]
4171,5,[]
4172,5,[]
4173,5,[]
4174,3,[]
4175,5,[]
4176,3,[]
4177,5,[]
4178,5,[]
4179,5,[]
4180,5,[]
4181,5,[]
4182,93,[]
4183,5,[]
4184,5,[]
4185,5,[]
4186,5,[]
4187,5,[]
4188,97,[]
4189,5,[]
4190,97,[]
4191,5,[]
4192,5,[]
4193,97,[]
4194,6,[]
4195,1,[]
4196,6,[]
4197,18,[]
4198,18,[]
4199,11,[]
4200,42,[]
4201,42,[]
4202,18,[]
4203,42,[]
4204,6,[]
4205,42,[]
4206,45,[]
4207,42,[]
4208,45,[]
4209,42,[]
4210,6,[]
4211,42,[]
4212,45,[]
4213,42,[]
4214,45,[]
4215,18,[]
4216,45,[]
4217,42,[]
4218,45,[]
4219,42,[]
4220,42,[]
4221,6,[]
4222,42,[]
4223,45,[]
4224,42,[]
4225,45,[]
4226,42,[]
4227,6,[]
4228,6,[]
4229,1,[]
4230,6,[]
4231,1,[]
4232,6,[]
4233,1,[]
4234,6,[]
4235,6,[]
4236,9,[]
4237,18,[]
4238,9,[]
4239,9,[]
4240,108,[]
4241,108,[]
4242,1,[]
4243,2,[]
4244,1,[]
4245,3,[]
4246,1,[]
4247,1,[]
4248,2,[]
4249,1,[]
4250,3,[]
4251,2,[]
4252,3,[]
4253,1,[]
4254,20,[]
4255,1,[]
4256,3,[]
4257,1,[]
4258,20,[]
4259,1,[]
4260,3,[]
4261,1,[]
4262,3,[]
4263,19,[]
4264,14,[]
4265,3,[]
4266,14,[]
4267,19,[]
4268,3,[]
4269,20,[]
4270,3,[]
4271,1,[]
4272,14,[]
4273,19,[]
4274,3,[]
4275,35,[]
4276,15,[]
4277,1,[]
4278,14,[]
4279,35,[]
4280,14,[]
4281,19,[]
4282,1,[]
4283,48,[]
4284,1,[]
4285,48,[]
4286,15,[]
4287,14,[]
4288,15,[]
4289,14,[]
4290,15,[]
4291,19,[]
4292,14,[]
4293,19,[]
4294,14,[]
4295,19,[]
4296,14,[]
4297,19,[]
4298,14,[]
4299,19,[]
4300,14,[]
4301,1,[]
4302,48,[]
4303,48,[]
4304,15,[]
4305,15,[]
4306,15,[]
4307,1,[]
4308,15,[]
4309,15,[]
4310,6,[]
4311,15,[]
4312,6,[]
4313,1,[]
4314,6,[]
4315,15,[]
4316,15,[]
4317,1,[]
4318,15,[]
4319,3,[]
4320,15,[]
4321,1,[]
4322,3,[]
4323,1,[]
4324,15,[]
4325,3,[]
4326,15,[]
4327,3,[]
4328,15,[]
4329,15,[]
4330,3,[]
4331,103,[]
4332,15,[]
4333,15,[]
4334,15,[]
4335,3,[]
4336,103,[]
4337,15,[]
4338,15,[]
4339,15,[]
4340,147,[]
4341,147,[]
4342,12,[]
4343,2,[]
4344,12,[]
4345,12,[]
4346,2,[]
4347,10,[]
4348,93,[]
4349,93,[]
4350,3,[]
4351,93,[]
4352,1,[]
4353,3,[]
4354,2,[]
4355,2,[]
4356,3,[]
4357,1,[]
4358,25,[]
4359,25,[]
4360,1,[]
4361,2,[]
4362,3,[]
4363,25,[]
4364,10,[]
4365,1,[]
4366,2,[]
4367,25,[]
4368,2,[]
4369,20,[]
4370,1,[]
4371,132,[]
4372,1,[]
4373,20,[]
4374,1,[]
4375,1,[]
4376,1,[]
4377,20,[]
4378,1,[]
4379,3,[]
4380,1,[]
4381,1,[]
4382,1,[]
4383,3,[]
4384,1,[]
4385,25,[]
4386,25,[]
4387,2,[]
4388,3,[]
4389,1,[]
4390,1,[]
4391,1,[]
4392,1,[]
4393,1,[]
4394,1,[]
4395,3,[]
4396,2,[]
4397,2,[]
4398,1,[]
4399,3,[]
4400,1,[]
4401,10,[]
4402,1,[]
4403,23,[]
4404,1,[]
4405,23,[]
4406,23,[]
4407,23,[]
4408,1,[]
4409,23,[]
4410,1,[]
4411,23,[]
4412,1,[]
4413,23,[]
4414,22,[]
4415,23,[]
4416,22,[]
4417,1,[]
4418,1,[]
4419,22,[]
4420,1,[]
4421,23,[]
4422,22,[]
4423,1,[]
4424,23,[]
4425,1,[]
4426,23,[]
4427,1,[]
4428,23,[]
4429,23,[]
4430,1,[]
4431,1,[]
4432,3,[]
4433,23,[]
4434,3,[]
4435,1,[]
4436,3,[]
4437,129,[]
4438,22,[]
4439,1,[]
4440,22,[]
4441,10,[]
4442,1,[]
4443,1,[]
4444,129,[]
4445,129,[]
4446,3,[]
4447,1,[]
4448,10,[]
4449,1,[]
4450,1,[]
4451,10,[]
4452,10,[]
4453,1,[]
4454,10,[]
4455,10,[]
4456,1,[]
4457,1,[]
4458,20,[]
4459,2,[]
4460,25,[]
4461,1,[]
4462,22,[]
4463,23,[]
4464,1,[]
4465,23,[]
4466,10,[]
4467,1,[]
4468,22,[]
4469,22,[]
4470,10,[]
4471,22,[]
4472,10,[]
4473,22,[]
4474,1,[]
4475,10,[]
4476,129,[]
4477,18,[]
4478,18,[]
4479,1,[]
4480,18,[]
4481,18,[]
4482,18,[]
4483,23,[]
4484,23,[]
4485,23,[]
4486,1,[]
4487,10,[]
4488,18,[]
4489,11,[]
4490,1,[]
4491,11,[]
4492,22,[]
4493,1,[]
4494,1,[]
4495,22,[]
4496,22,[]
4497,1,[]
4498,22,[]
4499,22,[]
4500,22,[]
4501,1,[]
4502,22,[]
4503,1,[]
4504,22,[]
4505,1,[]
4506,9,[]
4507,9,[]
4508,9,[]
4509,4,[]
4510,9,[]
4511,9,['Avada Kedavra']
4512,9,[]
4513,4,[]
4514,9,[]
4515,4,[]
4516,1,[]
4517,1,[]
4518,4,[]
4519,4,[]
4520,4,[]
4521,37,[]
4522,17,[]
4523,4,[]
4524,17,[]
4525,4,[]
4526,4,[]
4527,17,[]
4528,4,[]
4529,17,[]
4530,4,[]
4531,4,[]
4532,4,[]
4533,4,[]
4534,17,[]
4535,4,[]
4536,4,[]
4537,4,[]
4538,4,[]
4539,1,[]
4540,4,[]
4541,4,[]
4542,1,[]
4543,4,[]
4544,4,[]
4545,1,[]
4546,4,[]
4547,1,[]
4548,4,[]
4549,1,[]
4550,4,[]
4551,4,[]
4552,4,[]
4553,1,[]
4554,4,[]
4555,1,[]
4556,4,[]
4557,1,[]
4558,4,[]
4559,1,[]
4560,4,[]
4561,1,[]
4562,4,[]
4563,4,[]
4564,1,[]
4565,4,[]
4566,4,[]
4567,1,[]
4568,4,[]
4569,1,[]
4570,4,[]
4571,1,[]
4572,1,[]
4573,4,[]
4574,4,[]
4575,1,[]
4576,4,[]
4577,1,[]
4578,4,[]
4579,1,[]
4580,4,[]
4581,4,[]
4582,4,[]
4583,1,[]
4584,4,[]
4585,4,[]
4586,4,[]
4587,4,[]
4588,1,[]
4589,4,[]
4590,1,[]
4591,1,[]
4592,4,[]
4593,1,[]
4594,4,[]
4595,38,[]
4596,1,[]
4597,1,[]
4598,4,[]
4599,1,[]
4600,1,[]
4601,1,[]
4602,4,[]
4603,1,[]
4604,4,[]
4605,1,[]
4606,4,[]
4607,4,[]
4608,1,[]
4609,4,[]
4610,47,[]
4611,1,[]
4612,47,[]
4613,1,[]
4614,1,[]
4615,47,[]
4616,1,[]
4617,47,[]
4618,1,[]
4619,47,[]
4620,1,[]
4621,47,[]
4622,3,[]
4623,1,[]
4624,2,[]
4625,1,[]
4626,3,[]
4627,1,[]
4628,1,[]
4629,3,[]
4630,25,[]
4631,25,[]
4632,25,[]
4633,25,[]
4634,1,[]
4635,25,[]
4636,25,[]
4637,1,[]
4638,25,[]
4639,1,[]
4640,25,[]
4641,1,[]
4642,25,[]
4643,25,[]
4644,25,[]
4645,1,[]
4646,3,[]
4647,1,[]
4648,2,[]
4649,1,[]
4650,22,[]
4651,22,[]
4652,63,[]
4653,22,[]
4654,22,[]
4655,63,[]
4656,22,[]
4657,6,[]
4658,63,[]
4659,22,[]
4660,63,[]
4661,6,[]
4662,6,[]
4663,22,[]
4664,6,[]
4665,6,[]
4666,6,[]
4667,63,[]
4668,22,[]
4669,63,[]
4670,6,[]
4671,63,[]
4672,6,[]
4673,63,[]
4674,22,[]
4675,22,[]
4676,6,[]
4677,22,[]
4678,6,[]
4679,22,[]
4680,6,[]
4681,22,[]
4682,6,[]
4683,143,[]
4684,1,[]
4685,143,[]
4686,1,[]
4687,143,[]
4688,1,[]
4689,143,[]
4690,4,[]
4691,1,[]
4692,4,[]
4693,1,[]
4694,4,[]
4695,1,[]
4696,4,[]
4697,1,[]
4698,4,[]
4699,4,[]
4700,4,[]
4701,8,[]
4702,8,[]
4703,4,[]
4704,8,[]
4705,4,[]
4706,8,[]
4707,4,[]
4708,4,[]
4709,8,[]
4710,8,[]
4711,4,[]
4712,8,[]
4713,4,[]
4714,4,[]
4715,8,[]
4716,8,[]
4717,1,[]
4718,8,[]
4719,1,[]
4720,8,[]
4721,8,[]
4722,8,[]
4723,8,[]
4724,4,[]
4725,8,[]
4726,4,[]
4727,8,[]
4728,4,[]
4729,1,[]
4730,4,[]
4731,4,[]
4732,1,[]
4733,4,[]
4734,1,[]
4735,4,[]
4736,1,[]
4737,20,[]
4738,20,[]
4739,20,[]
4740,26,[]
4741,20,[]
4742,26,[]
4743,20,[]
4744,26,[]
4745,20,[]
4746,26,[]
4747,2,[]
4748,20,[]
4749,2,[]
4750,3,[]
4751,20,[]
4752,3,[]
4753,1,[]
4754,2,[]
4755,3,[]
4756,26,[]
4757,1,[]
4758,26,[]
4759,2,[]
4760,1,[]
4761,3,[]
4762,2,[]
4763,1,[]
4764,3,[]
4765,2,[]
4766,1,[]
4767,3,[]
4768,1,[]
4769,2,[]
4770,14,[]
4771,19,[]
4772,19,[]
4773,14,[]
4774,19,[]
4775,14,[]
4776,14,[]
4777,19,[]
4778,14,[]
4779,1,[]
4780,19,[]
4781,14,[]
4782,19,[]
4783,1,[]
4784,14,[]
4785,14,[]
4786,19,[]
4787,14,[]
4788,20,[]
4789,14,[]
4790,20,[]
4791,3,[]
4792,14,[]
4793,2,[]
4794,14,[]
4795,19,[]
4796,2,[]
4797,14,[]
4798,19,[]
4799,2,[]
4800,14,[]
4801,2,[]
4802,65,[]
4803,2,[]
4804,3,[]
4805,2,[]
4806,1,[]
4807,3,[]
4808,3,[]
4809,1,[]
4810,2,[]
4811,2,[]
4812,1,[]
4813,2,[]
4814,2,[]
4815,1,[]
4816,2,[]
4817,3,[]
4818,1,[]
4819,3,[]
4820,25,[]
4821,25,[]
4822,25,[]
4823,20,[]
4824,25,[]
4825,1,[]
4826,3,[]
4827,1,[]
4828,2,[]
4829,3,[]
4830,2,[]
4831,1,[]
4832,2,[]
4833,1,[]
4834,3,[]
4835,1,[]
4836,12,[]
4837,105,[]
4838,91,[]
4839,12,[]
4840,91,[]
4841,12,[]
4842,12,[]
4843,3,[]
4844,2,[]
4845,12,[]
4846,12,['Petrificus Totalus']
4847,12,[]
4848,12,[]
4849,25,[]
4850,1,[]
4851,25,[]
4852,1,[]
4853,25,[]
4854,1,[]
4855,25,[]
4856,59,[]
4857,1,[]
4858,59,[]
4859,25,[]
4860,59,[]
4861,12,[]
4862,35,[]
4863,6,[]
4864,12,[]
4865,6,[]
4866,12,[]
4867,25,[]
4868,1,[]
4869,25,[]
4870,1,[]
4871,25,[]
4872,1,[]
4873,25,[]
4874,1,[]
4875,2,[]
4876,3,[]
4877,2,[]
4878,20,[]
4879,2,[]
4880,3,[]
4881,1,[]
4882,2,[]
4883,1,[]
4884,3,[]
4885,4,[]
4886,4,[]
4887,4,[]
4888,4,[]
4889,4,[]
4890,4,[]
4891,2,[]
4892,7,[]
4893,7,[]
4894,1,[]
4895,7,[]
4896,1,[]
4897,7,[]
4898,1,[]
4899,7,[]
4900,1,[]
4901,7,[]
4902,2,[]
4903,8,[]
4904,2,[]
4905,8,[]
4906,1,[]
4907,8,[]
4908,8,[]
4909,3,[]
4910,3,[]
4911,8,[]
4912,8,[]
4913,94,[]
4914,8,[]
4915,8,[]
4916,3,[]
4917,8,[]
4918,94,[]
4919,8,[]
4920,105,[]
4921,8,[]
4922,8,[]
4923,8,[]
4924,3,[]
4925,1,[]
4926,3,[]
4927,1,[]
4928,3,[]
4929,8,[]
4930,8,[]
4931,4,[]
4932,4,[]
4933,1,[]
4934,4,[]
4935,1,[]
4936,4,[]
4937,1,[]
4938,4,[]
4939,1,[]
4940,4,[]
4941,1,[]
4942,4,[]
4943,4,[]
4944,4,[]
4945,4,[]
4946,90,[]
4947,4,[]
4948,90,[]
4949,90,[]
4950,4,[]
4951,90,[]
4952,4,[]
4953,90,[]
4954,24,[]
4955,4,[]
4956,24,[]
4957,4,[]
4958,24,[]
4959,4,[]
4960,24,[]
4961,4,[]
4962,4,[]
4963,4,[]
4964,24,[]
4965,4,[]
4966,24,[]
4967,24,[]
4968,4,[]
4969,24,[]
4970,4,[]
4971,4,[]
4972,4,[]
4973,4,[]
4974,24,[]
4975,4,[]
4976,24,[]
4977,24,[]
4978,4,[]
4979,1,[]
4980,4,[]
4981,4,[]
4982,1,[]
4983,4,[]
4984,1,[]
4985,4,[]
4986,1,[]
4987,4,[]
4988,1,[]
4989,20,[]
4990,1,[]
4991,71,[]
4992,2,[]
4993,71,[]
4994,2,[]
4995,71,[]
4996,1,[]
4997,71,[]
4998,20,[]
4999,1,[]
5000,1,[]
5001,65,[]
5002,2,[]
5003,2,[]
5004,3,[]
5005,1,[]
5006,3,[]
5007,2,[]
5008,2,[]
5009,3,[]
5010,1,[]
5011,3,[]
5012,1,[]
5013,3,[]
5014,20,[]
5015,3,[]
5016,2,[]
5017,20,[]
5018,3,[]
5019,1,[]
5020,2,[]
5021,3,[]
5022,1,[]
5023,2,[]
5024,1,[]
5025,3,[]
5026,1,[]
5027,5,[]
5028,3,[]
5029,5,[]
5030,3,[]
5031,5,[]
5032,2,[]
5033,5,[]
5034,2,[]
5035,3,[]
5036,8,[]
5037,59,[]
5038,1,[]
5039,1,[]
5040,1,[]
5041,2,[]
5042,157,[]
5043,3,[]
5044,2,[]
5045,3,[]
5046,3,[]
5047,2,[]
5048,3,[]
5049,2,[]
5050,3,[]
5051,8,[]
5052,1,[]
5053,1,[]
5054,8,[]
5055,8,[]
5056,8,[]
5057,1,[]
5058,8,[]
5059,3,[]
5060,8,[]
5061,2,[]
5062,1,[]
5063,2,[]
5064,1,[]
5065,2,[]
5066,2,[]
5067,100,[]
5068,3,[]
5069,100,[]
5070,2,[]
5071,3,[]
5072,1,[]
5073,5,[]
5074,5,[]
5075,5,[]
5076,7,[]
5077,100,[]
5078,7,[]
5079,7,[]
5080,2,[]
5081,7,[]
5082,6,[]
5083,6,[]
5084,1,[]
5085,7,[]
5086,1,[]
5087,7,[]
5088,6,[]
5089,1,[]
5090,6,[]
5091,7,[]
5092,2,[]
5093,1,[]
5094,2,[]
5095,1,[]
5096,2,[]
5097,1,[]
5098,2,[]
5099,1,[]
5100,2,[]
5101,1,[]
5102,2,[]
5103,1,[]
5104,2,[]
5105,1,[]
5106,1,[]
5107,2,[]
5108,8,[]
5109,71,[]
5110,10,[]
5111,8,[]
5112,71,[]
5113,8,[]
5114,124,[]
5115,8,[]
5116,3,[]
5117,8,[]
5118,3,[]
5119,8,[]
5120,20,[]
5121,8,[]
5122,3,[]
5123,1,[]
5124,3,[]
5125,8,[]
5126,8,[]
5127,1,[]
5128,8,[]
5129,1,[]
5130,8,[]
5131,1,[]
5132,8,[]
5133,1,[]
5134,8,[]
5135,1,[]
5136,1,[]
5137,8,[]
5138,1,[]
5139,1,[]
5140,8,[]
5141,10,[]
5142,29,[]
5143,2,[]
5144,3,[]
5145,2,[]
5146,3,[]
5147,3,[]
5148,2,[]
5149,3,[]
5150,2,[]
5151,3,[]
5152,65,[]
5153,2,[]
5154,1,[]
5155,2,[]
5156,25,[]
5157,25,[]
5158,3,[]
5159,3,[]
5160,1,[]
5161,2,[]
5162,20,[]
5163,75,[]
5164,127,[]
5165,3,[]
5166,1,[]
5167,3,[]
5168,1,[]
5169,3,[]
5170,3,[]
5171,3,[]
5172,1,[]
5173,3,[]
5174,65,[]
5175,2,[]
5176,3,[]
5177,1,[]
5178,2,[]
5179,3,[]
5180,1,[]
5181,3,[]
5182,1,[]
5183,3,[]
5184,1,[]
5185,3,[]
5186,1,[]
5187,3,[]
5188,1,[]
5189,1,[]
5190,25,[]
5191,8,[]
5192,10,[]
5193,1,[]
5194,10,[]
5195,123,[]
5196,1,[]
5197,1,[]
5198,3,[]
5199,1,[]
5200,3,[]
5201,153,[]
5202,3,[]
5203,153,[]
5204,3,[]
5205,1,[]
5206,71,[]
5207,1,[]
5208,6,[]
5209,6,[]
5210,6,[]
5211,1,[]
5212,6,[]
5213,6,[]
5214,1,[]
5215,6,[]
5216,1,[]
5217,12,[]
5218,35,[]
5219,12,[]
5220,6,[]
5221,12,[]
5222,12,[]
5223,6,[]
5224,12,[]
5225,6,[]
5226,12,[]
5227,2,[]
5228,1,[]
5229,2,[]
5230,1,[]
5231,2,[]
5232,1,[]
5233,2,[]
5234,1,[]
5235,1,[]
5236,2,[]
5237,26,[]
5238,1,[]
5239,11,[]
5240,1,[]
5241,11,[]
5242,1,[]
5243,61,[]
5244,11,[]
5245,1,[]
5246,11,[]
5247,1,[]
5248,11,[]
5249,20,[]
5250,20,[]
5251,1,[]
5252,20,[]
5253,16,[]
5254,1,[]
5255,16,[]
5256,1,[]
5257,16,[]
5258,1,[]
5259,16,[]
5260,1,[]
5261,16,[]
5262,1,[]
5263,16,[]
5264,16,[]
5265,61,[]
5266,26,[]
5267,61,[]
5268,26,[]
5269,20,[]
5270,1,[]
5271,20,[]
5272,20,[]
5273,61,[]
5274,11,[]
5275,20,[]
5276,16,[]
5277,61,[]
5278,16,[]
5279,20,[]
5280,102,[]
5281,3,[]
5282,1,[]
5283,3,[]
5284,1,[]
5285,3,[]
5286,1,[]
5287,3,[]
5288,1,[]
5289,2,[]
5290,65,[]
5291,3,[]
5292,24,[]
5293,8,[]
5294,24,[]
5295,8,[]
5296,8,[]
5297,24,[]
5298,8,[]
5299,24,[]
5300,8,[]
5301,24,[]
5302,8,[]
5303,4,[]
5304,1,[]
5305,4,[]
5306,1,[]
5307,4,[]
5308,1,[]
5309,4,[]
5310,4,[]
5311,4,[]
5312,1,[]
5313,4,[]
5314,4,[]
5315,8,[]
5316,8,[]
5317,1,[]
5318,8,[]
5319,1,[]
5320,8,[]
5321,1,[]
5322,8,[]
5323,1,[]
5324,8,[]
5325,1,[]
5326,8,[]
5327,1,[]
5328,3,[]
5329,1,[]
5330,3,[]
5331,1,[]
5332,1,[]
5333,3,[]
5334,1,[]
5335,2,[]
5336,1,[]
5337,2,[]
5338,1,[]
5339,2,[]
5340,1,[]
5341,2,[]
5342,1,[]
5343,1,[]
5344,2,[]
5345,1,[]
5346,2,[]
5347,1,[]
5348,2,[]
5349,1,[]
5350,1,[]
5351,2,[]
5352,1,[]
5353,2,[]
5354,1,[]
5355,2,[]
5356,1,[]
5357,8,[]
5358,8,[]
5359,1,[]
5360,2,[]
5361,8,[]
5362,8,[]
5363,8,[]
5364,1,[]
5365,2,[]
5366,8,[]
5367,1,[]
5368,8,[]
5369,1,[]
5370,8,[]
5371,1,[]
5372,8,[]
5373,8,[]
5374,2,[]
5375,8,[]
5376,2,[]
5377,1,[]
5378,8,[]
5379,2,[]
5380,8,[]
5381,8,[]
5382,1,[]
5383,8,[]
5384,1,[]
5385,1,[]
5386,1,[]
5387,2,[]
5388,4,[]
5389,8,[]
5390,7,[]
5391,4,[]
5392,4,[]
5393,8,[]
5394,4,[]
5395,8,[]
5396,65,[]
5397,3,[]
5398,65,[]
5399,3,[]
5400,65,[]
5401,3,[]
5402,65,[]
5403,2,[]
5404,4,[]
5405,20,[]
5406,8,[]
5407,3,[]
5408,3,[]
5409,2,[]
5410,2,[]
5411,3,[]
5412,2,[]
5413,3,[]
5414,2,[]
5415,3,[]
5416,3,[]
5417,1,[]
5418,94,[]
5419,94,[]
5420,12,[]
5421,1,[]
5422,12,[]
5423,20,[]
5424,20,[]
5425,1,[]
5426,20,[]
5427,1,[]
5428,20,[]
5429,20,[]
5430,20,[]
5431,20,[]
5432,20,[]
5433,20,[]
5434,2,[]
5435,1,[]
5436,2,[]
5437,1,[]
5438,2,[]
5439,1,[]
5440,3,[]
5441,1,[]
5442,3,[]
5443,1,[]
5444,3,[]
5445,1,[]
5446,3,[]
5447,2,[]
5448,1,[]
5449,8,[]
5450,1,[]
5451,8,[]
5452,1,[]
5453,8,[]
5454,1,[]
5455,8,[]
5456,1,[]
5457,8,[]
5458,1,[]
5459,8,[]
5460,1,[]
5461,8,[]
5462,1,[]
5463,8,[]
5464,1,[]
5465,8,[]
5466,8,[]
5467,1,[]
5468,5,[]
5469,8,[]
5470,5,[]
5471,8,[]
5472,5,[]
5473,1,[]
5474,5,[]
5475,1,[]
5476,8,[]
5477,5,[]
5478,8,[]
5479,5,[]
5480,8,[]
5481,1,[]
5482,8,[]
5483,5,[]
5484,8,[]
5485,5,[]
5486,8,[]
5487,5,[]
5488,5,[]
5489,8,[]
5490,5,[]
5491,8,[]
5492,8,[]
5493,8,[]
5494,8,[]
5495,5,[]
5496,8,[]
5497,8,[]
5498,8,[]
5499,1,[]
5500,1,[]
5501,8,[]
5502,1,[]
5503,1,[]
5504,1,[]
5505,1,[]
5506,8,[]
5507,4,[]
5508,24,[]
5509,8,[]
5510,24,[]
5511,8,[]
5512,8,[]
5513,24,[]
5514,8,[]
5515,24,[]
5516,8,[]
5517,24,[]
5518,8,[]
5519,24,[]
5520,8,[]
5521,24,[]
5522,8,[]
5523,24,[]
5524,8,[]
5525,24,[]
5526,8,[]
5527,24,[]
5528,8,[]
5529,24,[]
5530,8,[]
5531,24,[]
5532,8,[]
5533,8,[]
5534,24,[]
5535,1,[]
5536,4,[]
5537,1,[]
5538,4,[]
5539,1,[]
5540,4,[]
5541,1,[]
5542,4,[]
5543,1,[]
5544,4,[]
5545,1,[]
5546,4,[]
5547,1,[]
5548,4,[]
5549,4,[]
5550,1,[]
5551,4,[]
5552,4,[]
5553,3,[]
5554,1,[]
5555,3,[]
5556,1,[]
5557,1,[]
5558,3,[]
5559,2,[]
5560,1,[]
5561,1,[]
5562,3,[]
5563,1,[]
5564,2,[]
5565,1,[]
5566,6,[]
5567,4,[]
5568,4,[]
5569,4,[]
5570,1,[]
5571,4,[]
5572,4,[]
5573,4,[]
5574,1,[]
5575,4,[]
5576,4,[]
5577,4,[]
5578,4,[]
5579,4,[]
5580,1,[]
5581,4,[]
5582,1,[]
5583,4,[]
5584,1,[]
5585,4,[]
5586,4,[]
5587,1,[]
5588,4,[]
5589,1,[]
5590,4,[]
5591,4,[]
5592,4,[]
5593,1,[]
5594,1,[]
5595,4,[]
5596,4,[]
5597,1,[]
5598,4,[]
5599,1,[]
5600,4,[]
5601,4,[]
5602,1,[]
5603,4,[]
5604,4,[]
5605,4,[]
5606,1,[]
5607,4,[]
5608,1,[]
5609,1,[]
5610,4,[]
5611,1,[]
5612,4,[]
5613,4,[]
5614,1,[]
5615,4,[]
5616,4,[]
5617,1,[]
5618,4,[]
5619,1,[]
5620,4,[]
5621,1,[]
5622,1,[]
5623,4,[]
5624,4,[]
5625,1,[]
5626,4,[]
5627,1,[]
5628,4,[]
5629,4,[]
5630,1,[]
5631,4,[]
5632,7,[]
5633,1,[]
5634,4,[]
5635,4,[]
5636,1,[]
5637,1,[]
5638,4,[]
5639,4,[]
5640,4,[]
5641,4,[]
5642,4,[]
5643,12,[]
5644,4,[]
5645,4,[]
5646,12,[]
5647,4,[]
5648,12,[]
5649,4,[]
5650,12,[]
5651,4,[]
5652,4,[]
5653,12,[]
5654,4,[]
5655,12,[]
5656,4,[]
5657,12,[]
5658,4,[]
5659,12,[]
5660,4,[]
5661,22,[]
5662,22,[]
5663,4,[]
5664,22,[]
5665,102,[]
5666,22,[]
5667,6,[]
5668,6,[]
5669,4,[]
5670,22,[]
5671,4,[]
5672,6,[]
5673,6,['Avada Kedavra']
5674,6,[]
5675,22,[]
5676,22,[]
5677,6,[]
5678,6,[]
5679,1,[]
5680,1,[]
5681,1,[]
5682,1,[]
5683,6,[]
5684,6,[]
5685,1,[]
5686,6,[]
5687,6,[]
5688,1,[]
5689,1,[]
5690,5,[]
5691,1,[]
5692,5,[]
5693,5,[]
5694,7,[]
5695,7,[]
5696,7,[]
5697,7,[]
5698,3,[]
5699,1,[]
5700,1,[]
5701,3,[]
5702,1,[]
5703,1,[]
5704,3,[]
5705,1,[]
5706,3,[]
5707,1,[]
5708,3,[]
5709,1,[]
5710,3,[]
5711,3,[]
5712,1,[]
5713,3,[]
5714,3,[]
5715,1,[]
5716,3,[]
5717,1,[]
5718,3,[]
5719,1,[]
5720,51,[]
5721,95,[]
5722,3,[]
5723,95,[]
5724,110,[]
5725,95,[]
5726,110,[]
5727,95,[]
5728,3,[]
5729,3,[]
5730,2,[]
5731,16,[]
5732,16,[]
5733,2,[]
5734,9,[]
5735,9,[]
5736,23,[]
5737,9,[]
5738,63,[]
5739,9,[]
5740,6,[]
5741,9,[]
5742,6,[]
5743,70,[]
5744,6,[]
5745,129,[]
5746,9,[]
5747,96,[]
5748,9,[]
5749,6,[]
5750,22,[]
5751,9,[]
5752,44,[]
5753,9,[]
5754,9,[]
5755,9,[]
5756,9,[]
5757,23,[]
5758,9,[]
5759,23,[]
5760,9,[]
5761,23,[]
5762,9,[]
5763,9,[]
5764,121,[]
5765,9,['Avada Kedavra']
5766,9,[]
5767,21,[]
5768,1,[]
5769,32,[]
5770,1,[]
5771,32,[]
5772,32,[]
5773,1,[]
5774,32,[]
5775,21,[]
5776,31,[]
5777,21,[]
5778,31,[]
5779,21,[]
5780,31,[]
5781,21,[]
5782,1,[]
5783,21,[]
5784,31,[]
5785,1,[]
5786,1,[]
5787,1,[]
5788,5,[]
5789,13,[]
5790,1,[]
5791,56,[]
5792,73,[]
5793,14,[]
5794,19,[]
5795,73,[]
5796,81,[]
5797,11,[]
5798,61,[]
5799,13,[]
5800,13,[]
5801,1,[]
5802,13,[]
5803,1,[]
5804,13,[]
5805,1,[]
5806,3,[]
5807,1,[]
5808,2,[]
5809,1,[]
5810,14,[]
5811,19,[]
5812,13,[]
5813,76,[]
5814,13,[]
5815,1,[]
5816,13,[]
5817,13,[]
5818,14,[]
5819,14,[]
5820,14,[]
5821,19,[]
5822,13,[]
5823,19,[]
5824,14,[]
5825,13,[]
5826,81,[]
5827,2,[]
5828,3,[]
5829,13,[]
5830,13,[]
5831,1,[]
5832,13,[]
5833,1,[]
5834,13,[]
5835,5,[]
5836,13,[]
5837,13,[]
5838,1,[]
5839,5,[]
5840,1,[]
5841,5,[]
5842,129,[]
5843,5,[]
5844,1,[]
5845,9,[]
5846,26,[]
5847,1,[]
5848,5,[]
5849,26,[]
5850,5,[]
5851,20,[]
5852,20,[]
5853,11,[]
5854,26,[]
5855,20,[]
5856,11,[]
5857,1,[]
5858,11,[]
5859,1,[]
5860,11,[]
5861,1,[]
5862,11,[]
5863,5,[]
5864,56,[]
5865,11,[]
5866,56,[]
5867,1,[]
5868,2,[]
5869,61,[]
5870,3,[]
5871,2,[]
5872,16,[]
5873,16,[]
5874,14,[]
5875,19,[]
5876,14,[]
5877,19,[]
5878,14,[]
5879,19,[]
5880,73,[]
5881,73,[]
5882,11,[]
5883,16,[]
5884,5,[]
5885,5,[]
5886,1,[]
5887,5,[]
5888,11,[]
5889,43,[]
5890,9,[]
5891,43,[]
5892,9,[]
5893,43,[]
5894,9,[]
5895,2,[]
5896,1,[]
5897,2,[]
5898,1,[]
5899,2,[]
5900,2,[]
5901,1,[]
5902,2,[]
5903,1,[]
5904,2,[]
5905,2,[]
5906,2,[]
5907,2,[]
5908,2,[]
5909,16,[]
5910,16,[]
5911,20,[]
5912,1,[]
5913,20,[]
5914,20,[]
5915,1,[]
5916,20,[]
5917,20,[]
5918,1,[]
5919,19,[]
5920,16,[]
5921,14,[]
5922,19,[]
5923,2,[]
5924,1,[]
5925,51,[]
5926,1,[]
5927,51,[]
5928,2,[]
5929,51,[]
5930,3,[]
5931,1,[]
5932,51,[]
5933,1,[]
5934,51,[]
5935,51,[]
5936,2,[]
5937,2,[]
5938,51,[]
5939,2,[]
5940,2,[]
5941,51,[]
5942,1,[]
5943,51,[]
5944,3,[]
5945,51,[]
5946,1,[]
5947,51,[]
5948,1,[]
5949,51,[]
5950,3,[]
5951,51,[]
5952,11,[]
5953,1,[]
5954,11,[]
5955,25,[]
5956,25,[]
5957,1,[]
5958,25,[]
5959,34,[]
5960,1,[]
5961,34,[]
5962,25,[]
5963,1,[]
5964,62,[]
5965,1,[]
5966,62,[]
5967,1,[]
5968,62,[]
5969,1,[]
5970,62,[]
5971,1,[]
5972,62,[]
5973,1,[]
5974,62,[]
5975,1,[]
5976,62,[]
5977,140,[]
5978,62,[]
5979,77,[]
5980,62,[]
5981,77,[]
5982,62,[]
5983,1,[]
5984,77,[]
5985,1,[]
5986,77,[]
5987,1,[]
5988,77,[]
5989,1,[]
5990,77,[]
5991,1,[]
5992,77,[]
5993,56,[]
5994,62,[]
5995,3,[]
5996,11,[]
5997,2,[]
5998,3,[]
5999,3,[]
6000,3,[]
6001,2,[]
6002,3,[]
6003,2,[]
6004,3,[]
6005,3,[]
6006,1,[]
6007,2,[]
6008,3,[]
6009,2,[]
6010,1,[]
6011,140,[]
6012,2,[]
6013,3,[]
6014,1,[]
6015,1,[]
6016,3,[]
6017,2,[]
6018,1,[]
6019,1,[]
6020,3,['Petrificus Totalus']
6021,3,[]
6022,1,[]
6023,1,[]
6024,2,[]
6025,2,[]
6026,2,[]
6027,1,[]
6028,2,[]
6029,2,[]
6030,3,[]
6031,1,[]
6032,3,[]
6033,2,[]
6034,2,[]
6035,3,[]
6036,1,[]
6037,3,[]
6038,2,[]
6039,1,[]
6040,13,[]
6041,1,[]
6042,2,[]
6043,3,[]
6044,3,[]
6045,3,[]
6046,3,[]
6047,1,[]
6048,45,[]
6049,45,[]
6050,3,[]
6051,3,[]
6052,2,[]
6053,3,[]
6054,3,[]
6055,1,[]
6056,3,[]
6057,1,[]
6058,3,[]
6059,2,[]
6060,2,[]
6061,3,[]
6062,1,[]
6063,2,[]
6064,3,[]
6065,1,[]
6066,2,[]
6067,1,[]
6068,48,[]
6069,3,[]
6070,1,[]
6071,1,[]
6072,48,[]
6073,1,[]
6074,1,[]
6075,48,[]
6076,3,[]
6077,48,[]
6078,48,[]
6079,3,[]
6080,1,[]
6081,48,[]
6082,1,[]
6083,48,[]
6084,1,[]
6085,48,[]
6086,1,[]
6087,48,[]
6088,1,[]
6089,96,[]
6090,71,[]
6091,10,[]
6092,3,[]
6093,3,[]
6094,1,[]
6095,3,[]
6096,27,[]
6097,3,[]
6098,48,[]
6099,27,[]
6100,76,[]
6101,27,[]
6102,76,[]
6103,2,[]
6104,27,[]
6105,2,[]
6106,76,[]
6107,3,[]
6108,2,[]
6109,1,[]
6110,76,[]
6111,3,[]
6112,2,[]
6113,76,[]
6114,1,[]
6115,76,[]
6116,2,[]
6117,3,[]
6118,3,[]
6119,1,[]
6120,3,[]
6121,1,[]
6122,3,[]
6123,2,[]
6124,2,[]
6125,3,[]
6126,1,[]
6127,3,[]
6128,135,[]
6129,2,[]
6130,2,[]
6131,1,[]
6132,2,[]
6133,1,[]
6134,3,[]
6135,135,[]
6136,3,[]
6137,2,[]
6138,1,[]
6139,2,[]
6140,1,[]
6141,3,[]
6142,70,[]
6143,70,[]
6144,2,[]
6145,70,[]
6146,2,[]
6147,70,[]
6148,2,[]
6149,1,[]
6150,1,[]
6151,2,[]
6152,3,[]
6153,140,[]
6154,3,[]
6155,2,[]
6156,3,[]
6157,1,[]
6158,3,[]
6159,1,[]
6160,15,[]
6161,37,[]
6162,132,[]
6163,96,[]
6164,15,[]
6165,1,[]
6166,135,[]
6167,135,[]
6168,135,[]
6169,2,[]
6170,1,[]
6171,2,[]
6172,1,[]
6173,16,[]
6174,16,[]
6175,140,[]
6176,16,[]
6177,1,[]
6178,16,[]
6179,1,[]
6180,1,[]
6181,2,[]
6182,139,[]
6183,2,[]
6184,1,[]
6185,83,[]
6186,15,[]
6187,83,[]
6188,15,[]
6189,83,[]
6190,15,[]
6191,15,[]
6192,83,[]
6193,15,[]
6194,83,[]
6195,15,[]
6196,1,[]
6197,1,[]
6198,3,[]
6199,83,[]
6200,2,[]
6201,135,[]
6202,3,[]
6203,2,[]
6204,2,[]
6205,2,[]
6206,2,[]
6207,2,[]
6208,70,[]
6209,3,[]
6210,3,[]
6211,1,[]
6212,3,[]
6213,1,[]
6214,3,[]
6215,1,[]
6216,3,[]
6217,1,[]
6218,3,[]
6219,3,[]
6220,1,[]
6221,3,[]
6222,1,[]
6223,3,['Repello Muggletum']
6224,3,[]
6225,1,[]
6226,3,[]
6227,1,[]
6228,1,[]
6229,3,[]
6230,3,[]
6231,1,[]
6232,3,[]
6233,2,[]
6234,2,[]
6235,1,[]
6236,2,[]
6237,3,[]
6238,2,[]
6239,3,[]
6240,2,[]
6241,1,[]
6242,2,[]
6243,3,[]
6244,1,[]
6245,1,[]
6246,3,[]
6247,1,[]
6248,3,[]
6249,2,[]
6250,3,[]
6251,1,[]
6252,3,[]
6253,1,[]
6254,2,[]
6255,9,[]
6256,9,[]
6257,125,[]
6258,9,[]
6259,3,[]
6260,3,[]
6261,1,[]
6262,3,[]
6263,1,[]
6264,1,[]
6265,3,[]
6266,1,[]
6267,3,[]
6268,1,[]
6269,3,[]
6270,1,[]
6271,3,[]
6272,1,[]
6273,3,[]
6274,1,[]
6275,3,[]
6276,1,[]
6277,3,[]
6278,3,[]
6279,3,[]
6280,1,[]
6281,3,[]
6282,3,[]
6283,53,[]
6284,1,[]
6285,1,[]
6286,3,[]
6287,1,[]
6288,3,[]
6289,1,[]
6290,2,[]
6291,1,[]
6292,2,[]
6293,2,[]
6294,3,[]
6295,2,[]
6296,2,[]
6297,1,[]
6298,3,[]
6299,2,[]
6300,1,[]
6301,2,[]
6302,3,[]
6303,2,[]
6304,3,[]
6305,3,[]
6306,3,[]
6307,1,[]
6308,3,[]
6309,1,[]
6310,3,[]
6311,1,[]
6312,3,[]
6313,1,[]
6314,3,[]
6315,3,[]
6316,1,[]
6317,3,[]
6318,1,[]
6319,3,[]
6320,1,[]
6321,3,[]
6322,1,[]
6323,2,[]
6324,2,[]
6325,1,[]
6326,2,[]
6327,1,[]
6328,2,[]
6329,3,[]
6330,1,[]
6331,2,[]
6332,1,[]
6333,2,[]
6334,1,[]
6335,2,[]
6336,3,[]
6337,1,[]
6338,3,[]
6339,2,[]
6340,3,[]
6341,2,[]
6342,1,[]
6343,3,[]
6344,1,[]
6345,2,[]
6346,3,[]
6347,2,[]
6348,2,[]
6349,3,[]
6350,3,[]
6351,1,[]
6352,3,[]
6353,1,[]
6354,3,[]
6355,1,[]
6356,3,[]
6357,3,[]
6358,1,[]
6359,3,[]
6360,1,[]
6361,3,[]
6362,1,[]
6363,3,[]
6364,1,[]
6365,3,[]
6366,1,[]
6367,3,[]
6368,1,[]
6369,1,[]
6370,3,[]
6371,3,[]
6372,1,[]
6373,3,[]
6374,1,[]
6375,3,[]
6376,3,[]
6377,1,[]
6378,3,[]
6379,3,[]
6380,1,[]
6381,3,[]
6382,3,[]
6383,1,[]
6384,3,[]
6385,3,[]
6386,1,[]
6387,3,[]
6388,1,[]
6389,3,[]
6390,1,[]
6391,3,[]
6392,1,[]
6393,3,[]
6394,1,[]
6395,1,[]
6396,3,[]
6397,1,[]
6398,3,[]
6399,1,[]
6400,1,[]
6401,3,[]
6402,1,[]
6403,1,[]
6404,1,[]
6405,1,[]
6406,3,[]
6407,1,[]
6408,3,[]
6409,1,[]
6410,3,[]
6411,1,[]
6412,104,[]
6413,1,[]
6414,104,[]
6415,3,[]
6416,3,[]
6417,3,[]
6418,1,[]
6419,3,[]
6420,1,[]
6421,3,[]
6422,1,[]
6423,3,[]
6424,1,[]
6425,3,[]
6426,1,[]
6427,3,[]
6428,3,[]
6429,3,[]
6430,3,[]
6431,1,[]
6432,3,[]
6433,1,[]
6434,3,[]
6435,1,[]
6436,3,[]
6437,1,[]
6438,3,[]
6439,1,[]
6440,3,[]
6441,3,[]
6442,1,[]
6443,3,[]
6444,1,[]
6445,3,[]
6446,3,[]
6447,1,[]
6448,3,[]
6449,1,[]
6450,1,[]
6451,3,[]
6452,1,[]
6453,3,[]
6454,1,[]
6455,1,[]
6456,3,[]
6457,1,[]
6458,1,[]
6459,1,[]
6460,1,[]
6461,2,[]
6462,1,[]
6463,2,[]
6464,1,[]
6465,2,[]
6466,1,[]
6467,2,[]
6468,1,[]
6469,2,[]
6470,2,[]
6471,1,[]
6472,2,[]
6473,1,[]
6474,2,[]
6475,1,[]
6476,2,[]
6477,1,[]
6478,1,[]
6479,1,[]
6480,1,[]
6481,9,[]
6482,1,[]
6483,1,[]
6484,1,[]
6485,1,[]
6486,3,[]
6487,1,[]
6488,1,[]
6489,3,[]
6490,1,[]
6491,1,[]
6492,2,[]
6493,1,[]
6494,2,[]
6495,1,[]
6496,2,[]
6497,1,[]
6498,3,[]
6499,1,[]
6500,2,[]
6501,2,[]
6502,3,[]
6503,1,[]
6504,3,[]
6505,2,[]
6506,3,[]
6507,3,[]
6508,3,[]
6509,1,[]
6510,3,[]
6511,2,[]
6512,3,[]
6513,3,[]
6514,1,[]
6515,2,[]
6516,1,[]
6517,2,[]
6518,2,[]
6519,1,[]
6520,2,[]
6521,2,[]
6522,3,[]
6523,2,[]
6524,2,[]
6525,1,[]
6526,2,[]
6527,2,[]
6528,2,[]
6529,2,[]
6530,2,[]
6531,1,[]
6532,2,[]
6533,2,[]
6534,1,[]
6535,2,[]
6536,2,[]
6537,1,[]
6538,2,[]
6539,1,[]
6540,3,[]
6541,1,[]
6542,2,[]
6543,2,[]
6544,3,[]
6545,2,[]
6546,3,[]
6547,1,[]
6548,3,[]
6549,3,[]
6550,1,[]
6551,3,[]
6552,1,[]
6553,2,[]
6554,3,[]
6555,2,[]
6556,2,[]
6557,1,[]
6558,3,[]
6559,2,[]
6560,1,[]
6561,3,[]
6562,2,[]
6563,34,[]
6564,1,[]
6565,1,[]
6566,34,[]
6567,34,[]
6568,1,[]
6569,34,[]
6570,2,[]
6571,34,[]
6572,1,[]
6573,2,[]
6574,3,[]
6575,2,[]
6576,3,[]
6577,3,[]
6578,2,[]
6579,34,[]
6580,3,[]
6581,34,[]
6582,1,[]
6583,34,[]
6584,1,[]
6585,34,[]
6586,1,[]
6587,2,[]
6588,3,[]
6589,34,[]
6590,3,[]
6591,2,[]
6592,1,[]
6593,3,[]
6594,34,[]
6595,3,[]
6596,2,[]
6597,3,[]
6598,34,[]
6599,1,[]
6600,34,[]
6601,34,[]
6602,34,[]
6603,3,[]
6604,34,[]
6605,34,[]
6606,2,[]
6607,1,[]
6608,3,[]
6609,2,[]
6610,3,[]
6611,1,[]
6612,2,[]
6613,3,[]
6614,2,[]
6615,3,[]
6616,1,[]
6617,3,[]
6618,1,[]
6619,3,[]
6620,2,[]
6621,1,[]
6622,3,[]
6623,2,[]
6624,34,[]
6625,2,[]
6626,34,[]
6627,3,[]
6628,34,[]
6629,1,[]
6630,34,[]
6631,1,[]
6632,34,[]
6633,2,[]
6634,34,[]
6635,3,[]
6636,2,[]
6637,1,[]
6638,2,[]
6639,53,[]
6640,98,[]
6641,9,[]
6642,98,[]
6643,9,[]
6644,98,[]
6645,1,[]
6646,1,[]
6647,3,[]
6648,1,[]
6649,2,[]
6650,3,[]
6651,53,[]
6652,53,[]
6653,53,[]
6654,1,[]
6655,53,[]
6656,2,[]
6657,53,[]
6658,2,[]
6659,53,[]
6660,2,[]
6661,53,[]
6662,53,[]
6663,3,[]
6664,53,[]
6665,145,[]
6666,102,[]
6667,1,[]
6668,53,[]
6669,1,[]
6670,3,[]
6671,1,[]
6672,3,[]
6673,22,[]
6674,12,[]
6675,23,[]
6676,53,[]
6677,23,[]
6678,22,[]
6679,12,[]
6680,22,[]
6681,145,[]
6682,22,[]
6683,145,[]
6684,22,[]
6685,2,[]
6686,25,[]
6687,1,[]
6688,22,[]
6689,3,[]
6690,22,[]
6691,2,[]
6692,43,[]
6693,3,[]
6694,22,[]
6695,25,[]
6696,1,[]
6697,2,[]
6698,44,[]
6699,27,[]
6700,1,[]
6701,27,[]
6702,1,[]
6703,27,[]
6704,2,[]
6705,1,[]
6706,2,[]
6707,25,[]
6708,27,[]
6709,44,[]
6710,27,[]
6711,22,[]
6712,30,[]
6713,22,[]
6714,30,[]
6715,30,[]
6716,22,[]
6717,2,[]
6718,2,[]
6719,1,[]
6720,22,[]
6721,1,[]
6722,22,[]
6723,27,[]
6724,22,[]
6725,27,[]
6726,1,[]
6727,27,[]
6728,1,[]
6729,27,[]
6730,25,[]
6731,1,[]
6732,25,[]
6733,73,[]
6734,25,[]
6735,1,[]
6736,1,[]
6737,30,[]
6738,1,[]
6739,1,[]
6740,30,[]
6741,30,[]
6742,1,[]
6743,30,[]
6744,2,[]
6745,30,[]
6746,30,[]
6747,1,[]
6748,30,[]
6749,1,[]
6750,30,[]
6751,1,[]
6752,30,[]
6753,1,[]
6754,30,[]
6755,2,[]
6756,30,[]
6757,1,[]
6758,30,[]
6759,30,[]
6760,1,[]
6761,30,[]
6762,30,[]
6763,3,[]
6764,1,[]
6765,2,[]
6766,1,[]
6767,81,[]
6768,43,[]
6769,1,[]
6770,43,[]
6771,1,[]
6772,43,[]
6773,1,[]
6774,43,[]
6775,1,[]
6776,43,[]
6777,43,[]
6778,1,[]
6779,43,[]
6780,1,[]
6781,1,[]
6782,43,[]
6783,1,[]
6784,1,[]
6785,43,[]
6786,1,[]
6787,2,[]
6788,3,[]
6789,1,[]
6790,2,[]
6791,3,[]
6792,1,[]
6793,2,[]
6794,1,[]
6795,2,[]
6796,3,[]
6797,1,[]
6798,81,[]
6799,3,[]
6800,73,[]
6801,1,[]
6802,73,[]
6803,1,[]
6804,73,[]
6805,25,[]
6806,25,[]
6807,1,[]
6808,25,[]
6809,1,[]
6810,1,[]
6811,25,[]
6812,2,[]
6813,2,[]
6814,1,[]
6815,2,[]
6816,1,[]
6817,2,[]
6818,1,[]
6819,2,[]
6820,1,[]
6821,2,[]
6822,22,[]
6823,2,[]
6824,22,[]
6825,2,[]
6826,2,[]
6827,1,[]
6828,130,[]
6829,30,[]
6830,2,[]
6831,30,[]
6832,3,[]
6833,1,[]
6834,130,[]
6835,22,[]
6836,130,[]
6837,22,[]
6838,130,[]
6839,22,[]
6840,30,[]
6841,2,[]
6842,30,[]
6843,64,[]
6844,22,[]
6845,2,[]
6846,64,[]
6847,22,[]
6848,64,[]
6849,1,[]
6850,64,[]
6851,130,[]
6852,64,[]
6853,130,[]
6854,64,[]
6855,64,[]
6856,1,[]
6857,2,[]
6858,30,[]
6859,1,[]
6860,1,[]
6861,1,[]
6862,30,[]
6863,2,[]
6864,30,[]
6865,64,[]
6866,30,[]
6867,64,[]
6868,2,[]
6869,30,[]
6870,2,[]
6871,2,[]
6872,3,[]
6873,30,[]
6874,2,[]
6875,3,[]
6876,30,[]
6877,30,[]
6878,64,[]
6879,1,[]
6880,2,[]
6881,3,[]
6882,2,[]
6883,3,[]
6884,3,[]
6885,2,[]
6886,3,[]
6887,3,[]
6888,30,[]
6889,1,[]
6890,3,[]
6891,1,[]
6892,2,[]
6893,3,[]
6894,2,[]
6895,3,[]
6896,1,[]
6897,30,[]
6898,1,[]
6899,30,[]
6900,2,[]
6901,2,[]
6902,3,[]
6903,2,[]
6904,3,[]
6905,3,[]
6906,2,[]
6907,1,[]
6908,3,[]
6909,2,[]
6910,2,[]
6911,1,[]
6912,2,[]
6913,3,[]
6914,9,[]
6915,1,[]
6916,3,[]
6917,1,[]
6918,3,[]
6919,1,[]
6920,2,[]
6921,1,[]
6922,2,[]
6923,1,[]
6924,3,[]
6925,2,[]
6926,3,[]
6927,3,[]
6928,1,[]
6929,2,[]
6930,1,[]
6931,1,[]
6932,2,[]
6933,1,[]
6934,3,[]
6935,129,[]
6936,129,[]
6937,2,[]
6938,3,[]
6939,1,['Expecto Patronum']
6940,40,[]
6941,2,[]
6942,3,[]
6943,3,[]
6944,40,[]
6945,1,[]
6946,1,[]
6947,40,[]
6948,1,[]
6949,40,[]
6950,40,[]
6951,1,[]
6952,40,[]
6953,40,[]
6954,3,[]
6955,40,[]
6956,1,[]
6957,40,[]
6958,1,[]
6959,1,[]
6960,40,[]
6961,1,[]
6962,1,[]
6963,40,[]
6964,1,[]
6965,40,[]
6966,1,[]
6967,40,[]
6968,1,[]
6969,40,[]
6970,40,[]
6971,1,[]
6972,40,[]
6973,3,[]
6974,40,[]
6975,3,[]
6976,40,[]
6977,3,[]
6978,3,[]
6979,3,[]
6980,2,[]
6981,10,[]
6982,1,[]
6983,10,[]
6984,10,[]
6985,10,[]
6986,2,[]
6987,10,[]
6988,3,[]
6989,10,[]
6990,1,[]
6991,10,[]
6992,3,[]
6993,10,[]
6994,10,[]
6995,10,[]
6996,29,[]
6997,10,[]
6998,111,[]
6999,10,[]
7000,1,[]
7001,10,[]
7002,1,[]
7003,75,[]
7004,1,[]
7005,29,[]
7006,1,[]
7007,25,[]
7008,25,[]
7009,55,[]
7010,2,[]
7011,55,[]
7012,55,[]
7013,20,[]
7014,1,[]
7015,2,[]
7016,29,[]
7017,2,[]
7018,10,[]
7019,20,[]
7020,120,[]
7021,6,[]
7022,6,[]
7023,6,[]
7024,6,[]
7025,1,[]
7026,1,[]
7027,1,[]
7028,1,[]
7029,1,[]
7030,9,[]
7031,9,[]
7032,9,[]
7033,91,[]
7034,35,[]
7035,35,[]
7036,35,[]
7037,1,[]
7038,1,[]
7039,1,[]
7040,1,[]
7041,10,[]
7042,10,[]
7043,10,[]
7044,29,[]
7045,59,[]
7046,79,[]
7047,166,"['Protego Maxima', 'Repello Inimicum']"
7048,2,[]
7049,3,[]
7050,2,[]
7051,3,[]
7052,2,[]
7053,1,[]
7054,3,[]
7055,1,[]
7056,25,[]
7057,1,[]
7058,1,[]
7059,25,[]
7060,1,[]
7061,25,[]
7062,25,[]
7063,25,[]
7064,9,[]
7065,9,[]
7066,96,[]
7067,14,[]
7068,1,[]
7069,29,[]
7070,10,[]
7071,10,[]
7072,10,[]
7073,25,[]
7074,25,[]
7075,56,[]
7076,75,[]
7077,56,[]
7078,11,[]
7079,56,[]
7080,11,[]
7081,11,[]
7082,11,[]
7083,61,[]
7084,1,[]
7085,10,[]
7086,10,[]
7087,29,[]
7088,10,[]
7089,2,[]
7090,3,[]
7091,2,[]
7092,3,[]
7093,2,[]
7094,3,[]
7095,1,[]
7096,54,[]
7097,1,[]
7098,54,[]
7099,1,[]
7100,54,[]
7101,1,[]
7102,54,[]
7103,1,[]
7104,54,[]
7105,1,[]
7106,1,[]
7107,1,[]
7108,1,[]
7109,54,[]
7110,1,[]
7111,54,[]
7112,1,[]
7113,54,[]
7114,1,[]
7115,54,[]
7116,54,[]
7117,54,[]
7118,54,[]
7119,1,[]
7120,1,[]
7121,2,[]
7122,2,[]
7123,10,[]
7124,20,[]
7125,10,[]
7126,29,[]
7127,29,[]
7128,20,[]
7129,10,[]
7130,20,[]
7131,10,[]
7132,35,[]
7133,91,[]
7134,1,[]
7135,10,[]
7136,1,[]
7137,10,[]
7138,20,[]
7139,2,[]
7140,3,[]
7141,2,[]
7142,3,[]
7143,3,[]
7144,2,[]
7145,3,[]
7146,12,[]
7147,12,[]
7148,1,[]
7149,12,[]
7150,1,[]
7151,1,[]
7152,12,[]
7153,1,[]
7154,1,[]
7155,12,[]
7156,1,[]
7157,1,[]
7158,99,[]
7159,99,['Avada Kedavra']
7160,1,[]
7161,3,[]
7162,1,[]
7163,2,[]
7164,1,[]
7165,3,[]
7166,1,[]
7167,1,[]
7168,2,[]
7169,3,[]
7170,1,[]
7171,2,[]
7172,9,[]
7173,2,[]
7174,1,[]
7175,1,[]
7176,1,[]
7177,2,[]
7178,3,[]
7179,1,[]
7180,2,[]
7181,2,[]
7182,9,[]
7183,23,[]
7184,9,[]
7185,23,[]
7186,9,[]
7187,1,[]
7188,38,[]
7189,25,[]
7190,10,[]
7191,9,[]
7192,6,[]
7193,9,[]
7194,6,[]
7195,9,[]
7196,6,[]
7197,9,[]
7198,9,[]
7199,9,[]
7200,6,[]
7201,9,[]
7202,9,[]
7203,6,[]
7204,9,[]
7205,9,[]
7206,9,[]
7207,9,[]
7208,6,[]
7209,6,[]
7210,6,[]
7211,1,[]
7212,6,[]
7213,6,[]
7214,2,[]
7215,9,[]
7216,9,[]
7217,2,[]
7218,3,[]
7219,6,[]
7220,32,[]
7221,32,[]
7222,6,[]
7223,45,[]
7224,6,[]
7225,6,[]
7226,4,[]
7227,4,[]
7228,4,[]
7229,6,[]
7230,4,[]
7231,6,[]
7232,4,[]
7233,6,[]
7234,4,[]
7235,6,[]
7236,4,[]
7237,6,[]
7238,4,[]
7239,6,[]
7240,6,[]
7241,4,[]
7242,4,[]
7243,4,[]
7244,6,[]
7245,4,[]
7246,6,[]
7247,4,[]
7248,6,[]
7249,4,[]
7250,6,[]
7251,4,[]
7252,6,[]
7253,4,[]
7254,6,[]
7255,4,[]
7256,6,[]
7257,4,[]
7258,6,[]
7259,4,[]
7260,4,[]
7261,6,[]
7262,4,[]
7263,4,[]
7264,6,[]
7265,4,[]
7266,6,[]
7267,4,[]
7268,4,[]
7269,6,[]
7270,6,[]
7271,4,[]
7272,6,['Expecto Patronum']
7273,4,[]
7274,6,[]
7275,4,[]
7276,3,[]
7277,2,[]
7278,1,[]
7279,2,[]
7280,1,[]
7281,2,[]
7282,3,[]
7283,1,[]
7284,1,[]
7285,3,[]
7286,1,[]
7287,46,[]
7288,20,[]
7289,131,[]
7290,20,[]
7291,45,[]
7292,1,[]
7293,45,[]
7294,1,[]
7295,18,[]
7296,11,[]
7297,42,[]
7298,1,[]
7299,11,[]
7300,1,[]
7301,42,[]
7302,1,[]
7303,18,[]
7304,1,[]
7305,45,[]
7306,70,[]
7307,9,[]
7308,1,[]
7309,70,[]
7310,9,[]
7311,4,[]
7312,4,[]
7313,1,[]
7314,4,[]
7315,1,[]
7316,1,[]
7317,4,[]
7318,1,[]
7319,1,[]
7320,4,[]
7321,4,[]
7322,1,[]
7323,4,[]
7324,1,[]
7325,1,[]
7326,4,[]
7327,1,[]
7328,4,[]
7329,1,[]
7330,4,[]
7331,4,[]
7332,1,[]
7333,4,[]
7334,1,[]
7335,4,[]
7336,1,[]
7337,4,[]
7338,1,[]
7339,4,[]
7340,1,[]
7341,4,[]
7342,1,[]
7343,4,[]
7344,1,[]
7345,4,[]
7346,1,[]
7347,4,[]
7348,1,[]
7349,4,[]
7350,4,[]
7351,1,[]
7352,4,[]
7353,1,[]
7354,4,[]
7355,4,[]
7356,1,[]
7357,4,[]
7358,1,[]
7359,1,[]
7360,4,[]
7361,22,[]
7362,9,[]
7363,22,[]
7364,63,[]
7365,128,[]
7366,20,[]
7367,20,[]
7368,20,[]
7369,16,[]
7370,9,[]
7371,20,[]
7372,9,[]
7373,9,[]
7374,9,[]
7375,2,[]
7376,9,[]
7377,9,[]
7378,23,[]
7379,23,[]
7380,63,[]
7381,2,[]
7382,9,[]
7383,9,[]
7384,9,[]
7385,10,[]
7386,9,[]
7387,22,[]
7388,9,[]
7389,10,[]
7390,9,[]
7391,10,[]
7392,10,[]
7393,12,[]
7394,2,[]
7395,1,[]
7396,1,[]
7397,10,[]
7398,9,[]
7399,9,[]
7400,9,[]
7401,9,[]
7402,9,[]
7403,9,[]
7404,1,[]
7405,1,[]
7406,22,[]
7407,26,[]
7408,22,[]
7409,2,[]
7410,3,[]
7411,3,[]
7412,1,[]
7413,1,[]
7414,9,[]
7415,1,[]
7416,3,[]
7417,38,[]
7418,1,[]
7419,2,[]
7420,3,[]
7421,3,[]
7422,3,[]
7423,1,[]
7424,1,[]
7425,2,[]
7426,1,[]
7427,2,[]
7428,3,[]
7429,1,[]
7430,1,[]
7431,3,[]
7432,84,[]
7433,1,[]
7434,84,[]
7435,1,[]
7436,84,[]
7437,1,[]
7438,84,[]
7439,1,[]
7440,84,[]
7441,1,[]
7442,1,[]
7443,84,[]
